<?xml version="1.0" encoding="UTF-8"?>
<chart>
	<series>
		<value xid="0">Xbox 360</value>
		<value xid="1">PlayStation 3</value>
		<value xid="2">Wii</value>
	</series>
	<graphs>
		<graph gid="0" color="#9FCD95" gradient_fill_colors="#FFFFFF, #9FCD95">
			<value xid="0" description="Click for more info about Xbox 360" url="http://www.xbox360.com">399</value>
			<value xid="1" description="Click for more info about PlayStation 3" url="http://www.playstation.com">599</value>			
			<value xid="2" description="Click for more info about Wii" url="http://www.wii.com">249</value>
		</graph>
	</graphs>
	
  <labels>         
    <label lid="0">
      <x>0</x>                   
      <y>20</y>                  
      <rotate></rotate>          
      <width></width>            
      <align>center</align>        
      <text_color></text_color>  
      <text_size></text_size>    
      <text>                     
        <![CDATA[<b>Prices of Game Consoles</b>]]>
      </text>        
    </label>
  </labels>	
</chart>
