<?xml version="1.0" encoding="UTF-8"?>
<Define
	xmlns="http://www.radixdigit.com/tcmanager/monitor/object_definition/v_1"
	xmlns:xs="http://www.w3.org/2001/XMLSchema"
	xmlns:xsi="http://www.radixdigit.com/tcmanager/monitor/object_definition/v_1">

	<Parameters version="Hp Unix" sortPriority="1">
		<Param key="ServiceCommand" value="service --status-all" />
		<Param key="NetstatCommand" value="netstat -nultpan" />
	</Parameters>

	<Shared>
		<Res brief="vmstat" key="vmstat" comment="vmstat 1 2">
			<Shell structureBuilder="com.radixdigit.tcmanager.monitor.ext.shell.StructureBuilder_Shell_ShellCommandOutput"
					actualType="com.radixdigit.tcmanager.monitor.ext.shell.data.CommandLineOutput">
				<ShellArgument_3_Command>
					<Command>vmstat</Command>
				</ShellArgument_3_Command>
			</Shell>
		</Res>
		
		<Res brief="df" key="df" comment="df">
			<Shell structureBuilder="com.radixdigit.tcmanager.monitor.ext.shell.StructureBuilder_Shell_ShellCommandOutput"
					actualType="com.radixdigit.tcmanager.monitor.ext.shell.data.CommandLineOutput">
				<ShellArgument_3_Command>
					<Command>df -P |awk '{if (NF>1) print $(NF-3),$(NF-2),$(NF-1),$NF}'</Command>
				</ShellArgument_3_Command>
			</Shell>
		</Res>
		
		<Res brief="进程列表" key="process_list" comment="进程列表">
			<Shell structureBuilder="com.radixdigit.tcmanager.monitor.ext.shell.StructureBuilder_Shell_UnixLike_ProcessDetailList"
					actualType="com.radixdigit.tcmanager.monitor.core.data.commonuse.ListOfProcess">
				<ShellArgument_3_Command>
					<Command>ps ax -o '%p %C %c'</Command>
				</ShellArgument_3_Command>
			</Shell>
		</Res>
		
		<Res brief="网络状态" key="netstat" comment="网络状态">
			<Shell structureBuilder="com.radixdigit.tcmanager.monitor.ext.shell.StructureBuilder_Shell_UnixLike_ProcessDetailList"
					actualType="com.radixdigit.tcmanager.monitor.core.data.commonuse.ListOfProcess">
				<ShellArgument_3_Command>
					<Command>netstat -in |awk '{if (NF>8) print $1,$2,$3,$4,$5,$6,$7,$8,$9}'</Command>
				</ShellArgument_3_Command>
			</Shell>
		</Res>
	</Shared>

	<Organization>

		<Layer brief="可用性">
			<Concerns brief="可用性" key="usability" comment="">
				<Declare type="Status">
					<UseMark ref="可用性" />
				</Declare>
			</Concerns>
		</Layer>
		
		<Layer brief="性能">
			
			<Concerns brief="连接时间" key="ConnectTime" comment="连接时间">
				<Declare type="OrdinaryNumeric" unit="ms" />
				<Shell handler="com.radixdigit.tcmanager.monitor.core.handler.commonuse.Handler_All_ClientOpenTime" />
			</Concerns>
			
			<Concerns brief="CPU利用率" key="cpu" comment="">
				<Declare type="Percentage">
					<UseRes ref="vmstat" />
					<UseMark ref="最关注指标" />
				</Declare>
				<Shell>
					<ShellArgument_1_SimpleExpression>
						<ResCmdOutputRef>vmstat</ResCmdOutputRef>
						<Exp indexName="CPU">100-$idle</Exp>
						<Var name="idle" type="numeric" line="4" token="18" />
					</ShellArgument_1_SimpleExpression>
				</Shell>
			</Concerns>
			
			
			<Concerns brief="内存利用率" key="memUsage"  comment="内存利用率">
				<Declare type="Percentage">
					<UseMark ref="最关注指标" />
				</Declare>
				<Shell>
					<ShellArgument_1_SimpleExpression>
						<Command>crashconf | grep -i -e '^ *unused' -e '^ *total pages on system:'</Command>
						<Exp indexName="free">100*($total-$free)/$total</Exp>
						<Var name="free" type="numeric" line="2" token="2" />
						<Var name="total" type="numeric" line="3" token="5" />
					</ShellArgument_1_SimpleExpression>
				</Shell>
			</Concerns>
			
			
			<Concerns brief="页交换情况" key="hostpage" comment="">
				<Declare type="OrdinaryNumeric" unit="KB/s">
					<UseRes ref="vmstat" />
				</Declare>
				<Shell>
					<ShellArgument_1_SimpleExpression>
						<ResCmdOutputRef>vmstat</ResCmdOutputRef>
						<Exp indexName="pi">$pi</Exp>
						<Exp indexName="po">$po</Exp>
						<Var name="pi" type="numeric" line="4" token="8" />
						<Var name="po" type="numeric" line="4" token="9" />
					</ShellArgument_1_SimpleExpression>
				</Shell>
			</Concerns>
			
			<Concerns brief="文件系统剩余空间" key="freeSpace" comment="">
				<Declare type="OrdinaryNumeric" unit="MB">
					<UseRes ref="df" />
				</Declare>
				<Shell>
					<ShellArgument_2_Table>
						<ResCmdOutputRef>df</ResCmdOutputRef>
						<LineDef startLine="3">
							<Exp indexName="$name">$free/2</Exp>
							<Var name="name" type="string" token="4" />
							<Var name="free" type="numeric" token="1" />
						</LineDef>
					</ShellArgument_2_Table>
				</Shell>
			</Concerns>
			
			<Concerns brief="文件系统空间使用率" key="DiskUsage" comment="">
				<Declare type="Percentage">
					<UseRes ref="df" />
				</Declare>
				<Shell>
					<ShellArgument_2_Table>
						<ResCmdOutputRef>df</ResCmdOutputRef>
						<LineDef startLine="3">
							<Exp indexName="$name">100*$used/($free+$used)</Exp>
							<Var name="name" type="string" token="4" />
							<Var name="used" type="numeric" token="2" />
							<Var name="free" type="numeric" token="1" />
						</LineDef>
					</ShellArgument_2_Table>
				</Shell>
			</Concerns>
			
			<Concerns brief="磁盘每秒传输数据量" key="DiskUsage" comment="">
				<Declare type="OrdinaryNumeric" unit="KB" />
				<Shell>
					<ShellArgument_2_Table>
						<Command>iostat</Command>
						<LineDef startLine="4">
							<Exp indexName="$disk">$bps</Exp>
							<Var name="disk" type="string" token="1" />
							<Var name="bps" type="string" token="2" />
						</LineDef>
					</ShellArgument_2_Table>
				</Shell>
			</Concerns>		
		
		</Layer>
		
		<Layer brief="网络流量">
			<Concerns brief="磁盘接收流量" key="inFlux" comment="">
				<Declare type="OrdinaryNumeric" unit="KB">
					<UseRes ref="netstat" />
				</Declare>
				<Shell>
					<ShellArgument_2_Table>
						<ResCmdOutputRef>netstat</ResCmdOutputRef>
						<LineDef startLine="3">
							<Exp indexName="$ifname+$network+$address">ipkts/1024</Exp>
							<Var name="ifname" type="string" token="1" />
							<Var name="network" type="string" token="3" />
							<Var name="address" type="string" token="4" />
							<Var name="ipkts" type="numeric" token="5" />
							<Var name="ierrs" type="numeric" token="6" />
							<Var name="opkts" type="numeric" token="7" />
							<Var name="oerrs" type="numeric" token="8" />
						</LineDef>
					</ShellArgument_2_Table>
				</Shell>
			</Concerns>
			
			
			<Concerns brief="磁盘接收错误量" key="inError" comment="">
				<Declare type="OrdinaryNumeric" unit="KB">
					<UseRes ref="netstat" />
				</Declare>
				<Shell>
					<ShellArgument_2_Table>
						<ResCmdOutputRef>netstat</ResCmdOutputRef>
						<LineDef startLine="3">
							<Exp indexName="$ifname+$network+$address">$ierrs/1024</Exp>
							<Var name="ifname" type="string" token="1" />
							<Var name="network" type="string" token="3" />
							<Var name="address" type="string" token="4" />
							<Var name="ipkts" type="numeric" token="5" />
							<Var name="ierrs" type="numeric" token="6" />
							<Var name="opkts" type="numeric" token="7" />
							<Var name="oerrs" type="numeric" token="8" />
						</LineDef>
					</ShellArgument_2_Table>
				</Shell>
			</Concerns>
			
			<Concerns brief="网络发送流量" key="outFlux" comment="">
				<Declare type="OrdinaryNumeric" unit="KB">
					<UseRes ref="netstat" />
				</Declare>
				<Shell>
					<ShellArgument_2_Table>
						<ResCmdOutputRef>netstat</ResCmdOutputRef>
						<LineDef startLine="3">
							<Exp indexName="$ifname+$network+$address">$opkts/1024</Exp>
							<Var name="ifname" type="string" token="1" />
							<Var name="network" type="string" token="3" />
							<Var name="address" type="string" token="4" />
							<Var name="ipkts" type="numeric" token="5" />
							<Var name="ierrs" type="numeric" token="6" />
							<Var name="opkts" type="numeric" token="7" />
							<Var name="oerrs" type="numeric" token="8" />
						</LineDef>
					</ShellArgument_2_Table>
				</Shell>
			</Concerns>
			
			<Concerns brief="网络发送错误量" key="outError" comment="">
				<Declare type="OrdinaryNumeric" unit="KB">
					<UseRes ref="netstat" />
				</Declare>
				<Shell>
					<ShellArgument_2_Table>
						<ResCmdOutputRef>netstat</ResCmdOutputRef>
						<LineDef startLine="3">
							<Exp indexName="$ifname+$network+$address">$oerrs/1024</Exp>
							<Var name="ifname" type="string" token="1" />
							<Var name="network" type="string" token="3" />
							<Var name="address" type="string" token="4" />
							<Var name="ipkts" type="numeric" token="5" />
							<Var name="ierrs" type="numeric" token="6" />
							<Var name="opkts" type="numeric" token="7" />
							<Var name="oerrs" type="numeric" token="8" />
						</LineDef>
					</ShellArgument_2_Table>
				</Shell>
			</Concerns>
			
		</Layer>
		
		<Layer brief="定制">
			<Concerns brief="指定进程的cpu利用率" key="ProcessCpu" comment="指定进程的cpu利用率">
				<Declare type="Percentage">
					<UseRes ref="process_list" />
					<UseMark ref="定制" />
				</Declare>
				<Shell handler="com.radixdigit.tcmanager.monitor.ext.shell.ShellHandler_Solaris_Process">
					<ShellArgument_1_SimpleExpression>
						<Command>UNIX95= ps -e -o 'uid,pid,pcpu,vsz,args' | grep ${param}</Command>
						<Exp indexName="">$cpu</Exp>
						<Var name="cpu" type="numeric" line="2" token="3" />
					</ShellArgument_1_SimpleExpression>
				</Shell>
			</Concerns>
			
			<Concerns brief="指定进程的内存利用率" key="ProcessMem" comment="指定进程的内存利用率">
				<Declare type="Percentage">
					<UseRes ref="process_list" />
					<UseMark ref="定制" />
				</Declare>
				<Shell handler="com.radixdigit.tcmanager.monitor.ext.shell.ShellHandler_Solaris_Process">
					<ShellArgument_1_SimpleExpression>
						<Command>UNIX95= ps -e -o 'uid,pid,pcpu,vsz,args' | grep ${param}</Command>
						<Exp indexName="">$mem</Exp>
						<Var name="mem" type="numeric" line="2" token="3" />
					</ShellArgument_1_SimpleExpression>
				</Shell>
			</Concerns>
			
			<Concerns brief="文件系统空间使用率" key="customFsUsage" comment="">
				<Declare type="Percentage">
					<UseMark ref="定制" />
				</Declare>
				<Shell handler="com.radixdigit.tcmanager.monitor.ext.shell.ShellHandler_UnixLike_FileSystem">
					<ShellArgument_1_SimpleExpression>
						<Command>df -P ${param}</Command>
						<Exp indexName="">100*$use/($free+$use)</Exp>
						<Var name="free" type="numeric" line="3" token="4" />
						<Var name="use" type="numeric" line="3" token="3" />
					</ShellArgument_1_SimpleExpression>
				</Shell>
			</Concerns>
			
			<Concerns brief="文件系统剩余空间" key="customFsFreeSpace" comment="">
				<Declare type="OrdinaryNumeric" unit="MB">
					<UseMark ref="定制" />
				</Declare>
				<Shell handler="com.radixdigit.tcmanager.monitor.ext.shell.ShellHandler_UnixLike_FileSystem">
					<ShellArgument_1_SimpleExpression>
						<Command>df -P ${param}</Command>
						<Exp indexName="">$free</Exp>
						<Var name="free" type="numeric" line="3" token="4" />
					</ShellArgument_1_SimpleExpression>
				</Shell>
			</Concerns>
			
			<Concerns brief="违规进程" key="illegalProcess" comment="">
				<Declare type="Status">
					<UseRes ref="process_list" />
					<UseMark ref="定制" />
					<StatusRestriction>
						<Item key="正常" value="0" />
						<Item name="发现违规" value="1"/>
					</StatusRestriction>
				</Declare>
				<Shell handler="com.radixdigit.tcmanager.monitor.core.handler.commonuse.host.Handler_Host_IllegalProcess" />
			</Concerns>
			
		</Layer>
		
		<Layer brief="其它" noNumeric="true">
			<Concerns brief="操作系统" key="OS" comment="">
				<Declare type="Text" />
				<Shell>
					<ShellArgument_3_Command>
						<Command>uname -r -s -o</Command>
					</ShellArgument_3_Command>
				</Shell>
			</Concerns>
			
			<Concerns brief="运行时间" key="uptime" comment="">
				<Declare type="Text" />
				<Shell>
					<ShellArgument_3_Command>
						<Command>uptime</Command>
					</ShellArgument_3_Command>
				</Shell>
			</Concerns>
			
			<Concerns brief="未知进程" key="UnKnownProcess" comment="">
				<Declare type="Text">
					<UseRes ref="process_list" />
				</Declare>
				<Shell handler="com.radixdigit.tcmanager.monitor.core.handler.commonuse.host.Handler_Host_UnKnownProcess" />
			</Concerns>
			
			<Concerns brief="在线用户" key="onlineUser" comment="">
				<Declare type="JavaBean" />
				<Shell structureBuilder="com.radixdigit.tcmanager.monitor.ext.shell.StructureBuilder_Shell_ShellCommandOutput"
					actualType="com.radixdigit.tcmanager.monitor.ext.shell.data.CommandLineOutput">
					<ShellArgument_3_Command>
						<Command>who</Command>
					</ShellArgument_3_Command>
				</Shell>
			</Concerns>
			
			<Concerns brief="网络接口" key="if" comment="">
				<Declare type="JavaBean" />
				<Shell structureBuilder="com.radixdigit.tcmanager.monitor.ext.shell.StructureBuilder_Shell_ShellCommandOutput"
					actualType="com.radixdigit.tcmanager.monitor.ext.shell.data.CommandLineOutput">
					<ShellArgument_3_Command>
						<Command>netstat -in</Command>
					</ShellArgument_3_Command>
				</Shell>
			</Concerns>
			
			<Concerns brief="文件系统空间使用" key="fsUsage" comment="">
				<Declare type="JavaBean" />
				<Shell structureBuilder="com.radixdigit.tcmanager.monitor.ext.shell.StructureBuilder_Shell_ShellCommandOutput"
					actualType="com.radixdigit.tcmanager.monitor.ext.shell.data.CommandLineOutput">
					<ShellArgument_3_Command>
						<Command>df -P</Command>
					</ShellArgument_3_Command>
				</Shell>
			</Concerns>
			
			<Concerns brief="消耗cpu top10" key="cpuTop10" comment="">
				<Declare type="JavaBean" />
				<Shell structureBuilder="com.radixdigit.tcmanager.monitor.ext.shell.StructureBuilder_Shell_ShellCommandOutput"
					actualType="com.radixdigit.tcmanager.monitor.ext.shell.data.CommandLineOutput">
					<ShellArgument_3_Command>
						<Command>ps -ef |sort -nrk4 | grep -v '%CPU' | head -10</Command>
					</ShellArgument_3_Command>
				</Shell>
			</Concerns>
			
			<Concerns brief="服务" key="Service" comment="">
				<Declare type="JavaBean" />
				<Shell structureBuilder="com.radixdigit.tcmanager.monitor.ext.shell.StructureBuilder_Shell_UnixLike_Service"
					actualType="com.radixdigit.tcmanager.monitor.ext.shell.data.CommandLineOutput" />
			</Concerns>
			
			<Concerns brief="网络连接" key="Netstat" comment="">
				<Declare type="JavaBean" />
				<Shell structureBuilder="com.radixdigit.tcmanager.monitor.ext.shell.StructureBuilder_Shell_UnixLike_Netstat"
					actualType="com.radixdigit.tcmanager.monitor.ext.shell.data.CommandLineOutput" />
			</Concerns>
			
		</Layer>

	</Organization>


</Define>
