<?xml version="1.0" encoding="UTF-8"?>
<Define
	xmlns="http://www.radixdigit.com/tcmanager/monitor/object_definition/v_1"
	xmlns:xs="http://www.w3.org/2001/XMLSchema"
	xmlns:xsi="http://www.radixdigit.com/tcmanager/monitor/object_definition/v_1">

	<Parameters version="windows" sortPriority="1">
		<Param key="common" value="true" />
	</Parameters>
	
	<Shared>
		<Res brief="进程列表" key="process_list" comment="进程列表">
			<Snmp structureBuilder="com.radixdigit.tcmanager.monitor.ext.snmp.StructureBuilder_Snmp_Windows_ProcessDetailList"
					actualType="com.radixdigit.tcmanager.monitor.core.data.commonuse.ListOfProcess" />
		</Res>
	</Shared>

	<Organization>

		<Layer brief="可用性">
			<Concerns brief="可用性" key="usability" comment="">
				<Declare type="Status">
					<UseMark ref="可用性" />
					<UseMark ref="应用不可用检测指标" />
					<UseMark ref="应用不可用页面显示指标" />
				</Declare>
				<Snmp>
					<SnmpArgument_1_SingleNode>
						<Oid>1.3.6.1.2.1.1.1.0</Oid>
					</SnmpArgument_1_SingleNode>
				</Snmp>
			</Concerns>
		</Layer>
		
		<Layer brief="性能">
			<Concerns brief="CPU利用率" key="cpuUsage" comment="CPU利用率">
				<Declare type="Percentage">
					<UseMark ref="最关注指标" />
					<UseMark ref="CPU平均利用率" />
					<UseMark ref="应用性能检测指标" />
					<UseMark ref="应用性能页面显示指标" />
				</Declare>
				<Snmp>
					<SnmpArgument_2_MultipleNode>
						<OidExp>1.3.6.1.2.1.25.3.3.1.2</OidExp>
						<IndexNamePrefix>Cpu</IndexNamePrefix>
					</SnmpArgument_2_MultipleNode>
				</Snmp>
				<Knowledge>
					<Brief>CPU使用率过高：指系统使用的总 CPU峰值过大，用以描述当前CPU的使用情况。这将影响系统运行效率</Brief>
					<Reasons>
						<KnowledgeEntry>运行的应用程序较多，占用了大量CPU的轮询时间片</KnowledgeEntry>
						<KnowledgeEntry>硬件配置较低，导致CPU工作负荷较大</KnowledgeEntry>
					</Reasons>
					<Solutions>
						<KnowledgeEntry>关闭不必要的运行程序，清理内存空间</KnowledgeEntry>
						<KnowledgeEntry>提高硬件配置</KnowledgeEntry>
					</Solutions>
				</Knowledge>
			</Concerns>
			
			<Concerns brief="内存利用率" key="memUsage" comment="内存利用率">
				<Declare type="Percentage">
					<UseMark ref="最关注指标" />
					<UseMark ref="应用性能检测指标" />
					<UseMark ref="应用性能页面显示指标" />
				</Declare>
				<Knowledge>
					<Brief>内存使用率过高：指系统利用的总物理内存数过高，用以描述当前系统的内存的使用情况。这将影响系统运行效率</Brief>
					<Reasons>
						<KnowledgeEntry>运行的应用程序较多，占用了大量内存</KnowledgeEntry>
						<KnowledgeEntry>window主机的虚拟内存设置较低，内存交换空间不够使用</KnowledgeEntry>
					</Reasons>
					<Solutions>
						<KnowledgeEntry>增加物理内存，设置较高的虚拟内存</KnowledgeEntry>
					</Solutions>
				</Knowledge>
			</Concerns>
			
			<Concerns brief="总存储空间" key="DiskTotal" comment="总存储空间">
				<Declare type="OrdinaryNumeric" unit="GB" />
				<Snmp>
					<SnmpArgument_2_MultipleNode>
						<OidExp>(1.3.6.1.2.1.25.2.3.1.4*1.3.6.1.2.1.25.2.3.1.5)/(1073741824)</OidExp>
						<IndexNameOid>1.3.6.1.2.1.25.2.3.1.3</IndexNameOid>
					</SnmpArgument_2_MultipleNode>
				</Snmp>
			</Concerns>
			
			<Concerns brief="已用存储空间" key="DiskUsed" comment="已用存储空间">
				<Declare type="OrdinaryNumeric" unit="GB" />
				<Snmp>
					<SnmpArgument_2_MultipleNode>
						<OidExp>(1.3.6.1.2.1.25.2.3.1.4*1.3.6.1.2.1.25.2.3.1.6)/(1073741824)</OidExp>
						<IndexNameOid>1.3.6.1.2.1.25.2.3.1.3</IndexNameOid>
					</SnmpArgument_2_MultipleNode>
				</Snmp>
			</Concerns>
			
			<Concerns brief="可用存储空间" key="DiskAvailable" comment="可用存储空间">
				<Declare type="OrdinaryNumeric" unit="GB" />
				<Snmp>
					<SnmpArgument_2_MultipleNode>
						<OidExp>(1.3.6.1.2.1.25.2.3.1.4*(1.3.6.1.2.1.25.2.3.1.5-1.3.6.1.2.1.25.2.3.1.6))/(1073741824)</OidExp>
						<IndexNameOid>1.3.6.1.2.1.25.2.3.1.3</IndexNameOid>
					</SnmpArgument_2_MultipleNode>
				</Snmp>
			</Concerns>
			
			<Concerns brief="存储空间利用率" key="DiskUsage" comment="存储空间利用率">
				<Declare type="Percentage">
					<RelatedNode ref="memUsage" />
					<UseMark ref="应用性能检测指标" />
					<UseMark ref="应用性能页面显示指标" />
				</Declare>
				<Snmp handler="com.radixdigit.tcmanager.monitor.ext.snmp.SnmpHandler_Windows_StorageUsage">
					<SnmpArgument_2_MultipleNode>
						<OidExp>(1.3.6.1.2.1.25.2.3.1.6*100/1.3.6.1.2.1.25.2.3.1.5)</OidExp>
						<IndexNameOid>1.3.6.1.2.1.25.2.3.1.3</IndexNameOid>
					</SnmpArgument_2_MultipleNode>
				</Snmp>
				<Knowledge>
					<Brief>存储空间使用率过高：系统利用的硬盘空间峰值较大，用以描述当前系统的存储空间使用情况。这将影响系统数据存储</Brief>
					<Reasons>
						<KnowledgeEntry>存储数据较多，占用了大量的磁盘空间</KnowledgeEntry>
					</Reasons>
					<Solutions>
						<KnowledgeEntry>增加物理磁盘</KnowledgeEntry>
					</Solutions>
				</Knowledge>
			</Concerns>
			
		</Layer>
		
		<Layer brief="接口">
			<Concerns brief="接口状态" key="ifStatus" comment="接口状态">
				<Declare type="Status">
					<UseMark ref="Snmp接口状态" />
					<UseMark ref="Snmp接口" />
				</Declare>
				<Snmp>
					<SnmpArgument_2_MultipleNode>
						<OidExp>1.3.6.1.2.1.2.2.1.8</OidExp>
						<IndexNameOid>1.3.6.1.2.1.2.2.1.2</IndexNameOid>
					</SnmpArgument_2_MultipleNode>
				</Snmp>
			</Concerns>
			
			<Concerns brief="总流速" key="ifFlux" comment="总流速">
				<Declare type="OrdinaryNumeric" unit="KB/s">
					<UseMark ref="Snmp接口" />
					<UseMark ref="应用性能检测指标" />
					<UseMark ref="应用性能页面显示指标" />
				</Declare>
				<Snmp>
					<SnmpArgument_3_FlowCalculation>
						<OidExp>(1.3.6.1.2.1.2.2.1.16)/1024+(1.3.6.1.2.1.2.2.1.10)/1024</OidExp>
						<IndexNameOid>1.3.6.1.2.1.2.2.1.2</IndexNameOid>
					</SnmpArgument_3_FlowCalculation>
				</Snmp>
			</Concerns>
			
			<Concerns brief="发送流速" key="ifOutFlux" comment="发送流速">
				<Declare type="OrdinaryNumeric" unit="KB/s">
					<UseMark ref="Snmp接口" />
					<UseMark ref="应用性能检测指标" />
					<UseMark ref="应用性能页面显示指标" />
				</Declare>
				<Snmp>
					<SnmpArgument_3_FlowCalculation>
						<OidExp>(1.3.6.1.2.1.2.2.1.16)/1024</OidExp>
						<IndexNameOid>1.3.6.1.2.1.2.2.1.2</IndexNameOid>
					</SnmpArgument_3_FlowCalculation>
				</Snmp>
			</Concerns>
			
			<Concerns brief="发包率" key="ifOutPkts" comment="发包率">
				<Declare type="OrdinaryNumeric" unit="packet/s">
					<UseMark ref="Snmp接口" />
					<UseMark ref="应用性能检测指标" />
					<UseMark ref="应用性能页面显示指标" />
				</Declare>
				<Snmp>
					<SnmpArgument_3_FlowCalculation>
						<OidExp>(1.3.6.1.2.1.2.2.1.17+1.3.6.1.2.1.2.2.1.18)</OidExp>
						<IndexNameOid>1.3.6.1.2.1.2.2.1.2</IndexNameOid>
					</SnmpArgument_3_FlowCalculation>
				</Snmp>
				<Knowledge>
					<Brief>发包率：每秒发送包的数量</Brief>
					<Reasons>
						<KnowledgeEntry>应用程序异常导致</KnowledgeEntry>
						<KnowledgeEntry>应用服务器异常导致</KnowledgeEntry>
					</Reasons>
					<Solutions>
						<KnowledgeEntry>检查应用程序是否错误，重启weblogic服务器</KnowledgeEntry>
					</Solutions>
				</Knowledge>
			</Concerns>
			
			<Concerns brief="发送利用率" key="ifOutUtilization" comment="发送利用率">
				<Declare type="Percentage" >
					<UseMark ref="Snmp接口" />
					<UseMark ref="Snmp接口计算带宽相关利用率" />
					<UseMark ref="应用性能检测指标" />
					<UseMark ref="应用性能页面显示指标" />
				</Declare>
				<Snmp>
					<SnmpArgument_3_FlowCalculation>
						<OidExp>(1.3.6.1.2.1.2.2.1.16*8*100)/(1.3.6.1.2.1.2.2.1.5)</OidExp>
						<IndexNameOid>1.3.6.1.2.1.2.2.1.2</IndexNameOid>
					</SnmpArgument_3_FlowCalculation>
				</Snmp>
				<Knowledge>
					<Brief>发送利用率：每秒钟接口发送的有效字节字节总数</Brief>
					<Reasons>
						<KnowledgeEntry></KnowledgeEntry>
					</Reasons>
					<Solutions>
						<KnowledgeEntry></KnowledgeEntry>
					</Solutions>
				</Knowledge>
			</Concerns>
			
			
			<Concerns brief="发送错误率" key="ifOutError" comment="发送错误率">
				<Declare type="Percentage">
					<UseMark ref="Snmp接口" />
					<UseMark ref="应用性能检测指标" />
					<UseMark ref="应用性能页面显示指标" />
				</Declare>
				<Snmp>
					<SnmpArgument_4_ErrorLostRateCalculation>
						<OidExp1>1.3.6.1.2.1.2.2.1.20</OidExp1>
						<OidExp2>1.3.6.1.2.1.2.2.1.17+1.3.6.1.2.1.2.2.1.18</OidExp2>
						<IndexNameOid>1.3.6.1.2.1.2.2.1.2</IndexNameOid>
					</SnmpArgument_4_ErrorLostRateCalculation>
				</Snmp>
				<Knowledge>
					<Brief>发送错误率较高：由于出错而导致丢弃的发出包的总数目较高</Brief>
					<Reasons>
						<KnowledgeEntry>硬件问题</KnowledgeEntry>
					</Reasons>
					<Solutions>
						<KnowledgeEntry>检查硬件是否老化，更换新的硬件</KnowledgeEntry>
					</Solutions>
				</Knowledge>
			</Concerns>
			
			<Concerns brief="发送丢包率" key="ifOutLost" comment="发送丢包率">
				<Declare type="Percentage">
					<UseMark ref="Snmp接口" />
					<UseMark ref="应用性能检测指标" />
					<UseMark ref="应用性能页面显示指标" />
				</Declare>
				<Snmp>
					<SnmpArgument_4_ErrorLostRateCalculation>
						<OidExp1>1.3.6.1.2.1.2.2.1.19</OidExp1>
						<OidExp2>1.3.6.1.2.1.2.2.1.17+1.3.6.1.2.1.2.2.1.18</OidExp2>
						<IndexNameOid>1.3.6.1.2.1.2.2.1.2</IndexNameOid>
					</SnmpArgument_4_ErrorLostRateCalculation>
				</Snmp>
				<Knowledge>
					<Brief>发送丢包率较大：由于资源局限而导致丢弃的发出包的总数较多。</Brief>
					<Reasons>
						<KnowledgeEntry>缓冲区空间不足</KnowledgeEntry>
					</Reasons>
					<Solutions>
						<KnowledgeEntry>为该口分配更多的缓冲区空间</KnowledgeEntry>
					</Solutions>
				</Knowledge>
			</Concerns>
			
			
			
			
			<Concerns brief="接收流速" key="ifInFlux" comment="接收流速">
				<Declare type="OrdinaryNumeric" unit="KB/s">
					<UseMark ref="Snmp接口" />
					<UseMark ref="应用性能检测指标" />
					<UseMark ref="应用性能页面显示指标" />
				</Declare>
				<Snmp>
					<SnmpArgument_3_FlowCalculation>
						<OidExp>(1.3.6.1.2.1.2.2.1.10)/1024</OidExp>
						<IndexNameOid>1.3.6.1.2.1.2.2.1.2</IndexNameOid>
					</SnmpArgument_3_FlowCalculation>
				</Snmp>
			</Concerns>
			
			<Concerns brief="收包率" key="ifInPkts" comment="收包率">
				<Declare type="OrdinaryNumeric" unit="packet/s">
					<UseMark ref="Snmp接口" />
					<UseMark ref="应用性能检测指标" />
					<UseMark ref="应用性能页面显示指标" />
				</Declare>
				<Snmp>
					<SnmpArgument_3_FlowCalculation>
						<OidExp>(1.3.6.1.2.1.2.2.1.11+1.3.6.1.2.1.2.2.1.12)</OidExp>
						<IndexNameOid>1.3.6.1.2.1.2.2.1.2</IndexNameOid>
					</SnmpArgument_3_FlowCalculation>
				</Snmp>
			</Concerns>
			
			<Concerns brief="接收利用率" key="ifInUtilization" comment="接收利用率">
				<Declare type="Percentage" >
					<UseMark ref="Snmp接口" />
					<UseMark ref="Snmp接口计算带宽相关利用率" />
					<UseMark ref="应用性能检测指标" />
					<UseMark ref="应用性能页面显示指标" />
				</Declare>
				<Snmp>
					<SnmpArgument_3_FlowCalculation>
						<OidExp>(1.3.6.1.2.1.2.2.1.10*8*100)/(1.3.6.1.2.1.2.2.1.5)</OidExp>
						<IndexNameOid>1.3.6.1.2.1.2.2.1.2</IndexNameOid>
					</SnmpArgument_3_FlowCalculation>
				</Snmp>
				<Knowledge>
					<Brief>接收利用率过大：每秒钟接口接收的有效字节总数过大</Brief>
					<Reasons>
						<KnowledgeEntry>该设备存在拥塞问题</KnowledgeEntry>
					</Reasons>
					<Solutions>
						<KnowledgeEntry></KnowledgeEntry>
					</Solutions>
				</Knowledge>
			</Concerns>
			
			
			<Concerns brief="接收错误率" key="ifInError" comment="接收错误率">
				<Declare type="Percentage">
					<UseMark ref="Snmp接口" />
					<UseMark ref="应用性能检测指标" />
					<UseMark ref="应用性能页面显示指标" />
				</Declare>
				<Snmp>
					<SnmpArgument_4_ErrorLostRateCalculation>
						<OidExp1>1.3.6.1.2.1.2.2.1.14</OidExp1>
						<OidExp2>1.3.6.1.2.1.2.2.1.11+1.3.6.1.2.1.2.2.1.12</OidExp2>
						<IndexNameOid>1.3.6.1.2.1.2.2.1.2</IndexNameOid>
					</SnmpArgument_4_ErrorLostRateCalculation>
				</Snmp>
				<Knowledge>
					<Brief>接收错误率较高：由于出错而导致丢弃的接收包的总数目较高</Brief>
					<Reasons>
						<KnowledgeEntry>存在接收器问题</KnowledgeEntry>
						<KnowledgeEntry>坏线路问题</KnowledgeEntry>
					</Reasons>
					<Solutions>
						<KnowledgeEntry>检查接收器是否老化，或损坏</KnowledgeEntry>
						<KnowledgeEntry>检查线路是否损坏</KnowledgeEntry>
					</Solutions>
				</Knowledge>
			</Concerns>
			
			<Concerns brief="接收丢包率" key="ifInLost" comment="接收丢包率">
				<Declare type="Percentage">
					<UseMark ref="Snmp接口" />
					<UseMark ref="应用性能检测指标" />
					<UseMark ref="应用性能页面显示指标" />
				</Declare>
				<Snmp>
					<SnmpArgument_4_ErrorLostRateCalculation>
						<OidExp1>1.3.6.1.2.1.2.2.1.13</OidExp1>
						<OidExp2>1.3.6.1.2.1.2.2.1.11+1.3.6.1.2.1.2.2.1.12</OidExp2>
						<IndexNameOid>1.3.6.1.2.1.2.2.1.2</IndexNameOid>
					</SnmpArgument_4_ErrorLostRateCalculation>
				</Snmp>
				<Knowledge>
					<Brief>接收丢包率较高：由于资源紧张导致丢弃包的数目较多</Brief>
					<Reasons>
						<KnowledgeEntry>设备存在拥塞</KnowledgeEntry>
					</Reasons>
					<Solutions>
						<KnowledgeEntry>增加接收缓存</KnowledgeEntry>
					</Solutions>
				</Knowledge>
			</Concerns>
			
		</Layer>
		
		<Layer brief="定制">
			<Concerns brief="指定进程Cpu利用率" key="processCpuUsage" comment="">
				<Declare type="Percentage">
					<UseRes ref="process_list" />
					<UseMark ref="定制" />
				</Declare>
				<Snmp handler="com.radixdigit.tcmanager.monitor.core.handler.commonuse.host.Handler_Host_ProcessCpu" />
			</Concerns>
			
			<Concerns brief="指定进程内存利用率" key="processMemUsage" comment="">
				<Declare type="Percentage">
					<UseRes ref="process_list" />
					<UseMark ref="定制" />
				</Declare>
				<Snmp handler="com.radixdigit.tcmanager.monitor.core.handler.commonuse.host.Handler_Host_ProcessMem" />
			</Concerns>
			
			<Concerns brief="指定进程是否存在" key="processExists" comment="">
				<Declare type="Status">
					<UseRes ref="process_list" />
					<UseMark ref="定制" />
					<StatusRestriction>
						<Item key="正常" value="0" />
						<Item name="不存在" value="1"/>
					</StatusRestriction>
				</Declare>
				<Snmp handler="com.radixdigit.tcmanager.monitor.core.handler.commonuse.host.Handler_Host_ProcessStatus" />
			</Concerns>
			
			<Concerns brief="违规进程" key="illegalProcess" comment="">
				<Declare type="Status">
					<UseRes ref="process_list" />
					<UseMark ref="定制" />
					<StatusRestriction>
						<Item key="正常" value="0" />
						<Item key="发现违规" value="1"/>
					</StatusRestriction>
				</Declare>
				<Snmp handler="com.radixdigit.tcmanager.monitor.core.handler.commonuse.host.Handler_Host_IllegalProcess" />
			</Concerns>
		</Layer>
		
		<Layer brief="其它" noNumeric="true">
			<Concerns brief="持续运行时间" key="upTime" comment="持续运行时间">
				<Declare type="Text" />
				<Snmp handler="com.radixdigit.tcmanager.monitor.ext.snmp.SnmpHandler_Windows_UpTime">
					<SnmpArgument_1_SingleNode>
						<Oid>1.3.6.1.2.1.1.3.0</Oid>
					</SnmpArgument_1_SingleNode>
				</Snmp>
			</Concerns>
		</Layer>

	</Organization>


</Define>
