<?xml version="1.0" encoding="UTF-8"?>
<chart>
	<axes>
		<axis xid="0">Sales</axis>
		<axis xid="1">Development</axis>
		<axis xid="2">Marketing</axis>
		<axis xid="3">Customer Support</axis>
		<axis xid="4">Administration</axis>
		<axis xid="5">Information technology</axis> 		
	</axes>
	<graphs>
		<graph gid="1"> 
			<value xid="0">20</value>
			<value xid="1">15</value>
			<value xid="2">12</value>
			<value xid="3">18</value>
			<value xid="4">11</value>
			<value xid="5">19</value>
		</graph>
		<graph gid="2"> 
			<value xid="0">21</value>
			<value xid="1">13</value>
			<value xid="2">16</value>
			<value xid="3">15</value>
			<value xid="4">5</value>
			<value xid="5">13</value>
		</graph>               		
  </graphs>
</chart>
