<?xml version="1.0" encoding="UTF-8"?>
<!-- 用于设备类型映射 -->
	<AlertDevType>
		<DevTypeItem>
		<!-- AlertDeVTypeName:告警的设备类型,DevTypeName:事件字典表描述文件中数据字典的设备类型 -->
			<AlertDeVTypeName>windows</AlertDeVTypeName>
			<DevTypeName>/server/Windows</DevTypeName>
		</DevTypeItem>
		<DevTypeItem>
			<AlertDeVTypeName>storage</AlertDeVTypeName>
			<DevTypeName>/storage</DevTypeName>
		</DevTypeItem>
		<DevTypeItem>
			<AlertDeVTypeName>web</AlertDeVTypeName>
			<DevTypeName>/appserver/webserver</DevTypeName>
		</DevTypeItem>
		<DevTypeItem>
			<AlertDeVTypeName>linux</AlertDeVTypeName>
			<DevTypeName>/server/Linux</DevTypeName>
		</DevTypeItem>
		<DevTypeItem>
			<AlertDeVTypeName>aix</AlertDeVTypeName>
			<DevTypeName>/server/AIX</DevTypeName>
		</DevTypeItem>
		<DevTypeItem>
			<AlertDeVTypeName>hpunix</AlertDeVTypeName>
			<DevTypeName>/server/HP-UX</DevTypeName>
		</DevTypeItem>
		<DevTypeItem>
			<AlertDeVTypeName>solaris</AlertDeVTypeName>
			<DevTypeName>/server/Solaris</DevTypeName>
		</DevTypeItem>
		<DevTypeItem>
			<AlertDeVTypeName>oracle</AlertDeVTypeName>
			<DevTypeName>/appserver/DB</DevTypeName>
		</DevTypeItem>
		<DevTypeItem>
			<AlertDeVTypeName>sqlserver</AlertDeVTypeName>
			<DevTypeName>/appserver/DB</DevTypeName>
		</DevTypeItem>
		<DevTypeItem>
			<AlertDeVTypeName>sybase</AlertDeVTypeName>
			<DevTypeName>/appserver/DB</DevTypeName>
		</DevTypeItem>
		<DevTypeItem>
			<AlertDeVTypeName>db2</AlertDeVTypeName>
			<DevTypeName>/appserver/DB</DevTypeName>
		</DevTypeItem>
		<DevTypeItem>
			<AlertDeVTypeName>mysql</AlertDeVTypeName>
			<DevTypeName>/appserver/DB</DevTypeName>
		</DevTypeItem>
		<DevTypeItem>
			<AlertDeVTypeName>informix</AlertDeVTypeName>
			<DevTypeName>/appserver/DB</DevTypeName>
		</DevTypeItem>
		<DevTypeItem>
			<AlertDeVTypeName>firewall_other</AlertDeVTypeName>
			<DevTypeName>/security/FW</DevTypeName>
		</DevTypeItem>
		<DevTypeItem>
			<AlertDeVTypeName>firewall_cisco</AlertDeVTypeName>
			<DevTypeName>/security/FW</DevTypeName>
		</DevTypeItem>
		<DevTypeItem>
			<AlertDeVTypeName>firewall_h3c</AlertDeVTypeName>
			<DevTypeName>/security/FW</DevTypeName>
		</DevTypeItem>
		<DevTypeItem>
			<AlertDeVTypeName>firewall_sinfor</AlertDeVTypeName>
			<DevTypeName>/security/FW</DevTypeName>
		</DevTypeItem>
		<DevTypeItem>
			<AlertDeVTypeName>firewall_topsec</AlertDeVTypeName>
			<DevTypeName>/security/FW</DevTypeName>
		</DevTypeItem>
		<DevTypeItem>
			<AlertDeVTypeName>ips_other</AlertDeVTypeName>
			<DevTypeName>/security/IPS</DevTypeName>
		</DevTypeItem>
		<DevTypeItem>
			<AlertDeVTypeName>ips_cisco</AlertDeVTypeName>
			<DevTypeName>/security/IPS</DevTypeName>
		</DevTypeItem>
		<DevTypeItem>
			<AlertDeVTypeName>ips_h3c</AlertDeVTypeName>
			<DevTypeName>/security/IPS</DevTypeName>
		</DevTypeItem>
		<DevTypeItem>
			<AlertDeVTypeName>ips_topsec</AlertDeVTypeName>
			<DevTypeName>/security/IPS</DevTypeName>
		</DevTypeItem>
		<DevTypeItem>
			<AlertDeVTypeName>ids_other</AlertDeVTypeName>
			<DevTypeName>/security/IDS</DevTypeName>
		</DevTypeItem>
		<DevTypeItem>
			<AlertDeVTypeName>ids_h3c</AlertDeVTypeName>
			<DevTypeName>/security/IDS</DevTypeName>
		</DevTypeItem>
		<DevTypeItem>
			<AlertDeVTypeName>ids_iceeye</AlertDeVTypeName>
			<DevTypeName>/security/IDS</DevTypeName>
		</DevTypeItem>
		<DevTypeItem>
			<AlertDeVTypeName>ids_topsec</AlertDeVTypeName>
			<DevTypeName>/security/IDS</DevTypeName>
		</DevTypeItem>
			<DevTypeItem>
			<AlertDeVTypeName>av</AlertDeVTypeName>
			<DevTypeName>/security/ANTI-VIRUS</DevTypeName>
		</DevTypeItem>
		<DevTypeItem>
			<AlertDeVTypeName>weblogic</AlertDeVTypeName>
			<DevTypeName>/appserver/Middleware</DevTypeName>
		</DevTypeItem>
		<DevTypeItem>
			<AlertDeVTypeName>websphere</AlertDeVTypeName>
			<DevTypeName>/appserver/Middleware</DevTypeName>
		</DevTypeItem>
		<DevTypeItem>
			<AlertDeVTypeName>iis</AlertDeVTypeName>
			<DevTypeName>/appserver/webserver</DevTypeName>
		</DevTypeItem>
		<DevTypeItem>
			<AlertDeVTypeName>email</AlertDeVTypeName>
			<DevTypeName>/appserver/EMAIL</DevTypeName>
		</DevTypeItem>
		<DevTypeItem>
			<AlertDeVTypeName>tcp</AlertDeVTypeName>
			<DevTypeName>/appserver/webserver</DevTypeName>
		</DevTypeItem>
		<DevTypeItem>
			<AlertDeVTypeName>udp</AlertDeVTypeName>
			<DevTypeName>/appserver/webserver</DevTypeName>
		</DevTypeItem>
		<DevTypeItem>
			<AlertDeVTypeName>dns</AlertDeVTypeName>
			<DevTypeName>/appserver/webserver</DevTypeName>
		</DevTypeItem>
		<DevTypeItem>
			<AlertDeVTypeName>dhcp</AlertDeVTypeName>
			<DevTypeName>/appserver/webserver</DevTypeName>
		</DevTypeItem>
		<DevTypeItem>
			<AlertDeVTypeName>tomcat</AlertDeVTypeName>
			<DevTypeName>/appserver/webserver</DevTypeName>
		</DevTypeItem>
		<DevTypeItem>
			<AlertDeVTypeName>LotusDomino</AlertDeVTypeName>
			<DevTypeName>/appserver/webserver</DevTypeName>
		</DevTypeItem>
		<DevTypeItem>
			<AlertDeVTypeName>SelfMonitoring</AlertDeVTypeName>
			<DevTypeName>/appserver/webserver</DevTypeName>
		</DevTypeItem>
		<DevTypeItem>
			<AlertDeVTypeName>ta_server</AlertDeVTypeName>
			<DevTypeName>/appserver/webserver</DevTypeName>
		</DevTypeItem>
		<DevTypeItem>
			<AlertDeVTypeName>ta_router</AlertDeVTypeName>
			<DevTypeName>/network/router</DevTypeName>
		</DevTypeItem>
		<DevTypeItem>
			<AlertDeVTypeName>router_other</AlertDeVTypeName>
			<DevTypeName>/network/router</DevTypeName>
		</DevTypeItem>
		<DevTypeItem>
			<AlertDeVTypeName>router_cisco</AlertDeVTypeName>
			<DevTypeName>/network/router</DevTypeName>
		</DevTypeItem>
		<DevTypeItem>
			<AlertDeVTypeName>router_h3c</AlertDeVTypeName>
			<DevTypeName>/network/router</DevTypeName>
		</DevTypeItem>
		<DevTypeItem>
			<AlertDeVTypeName>switchboard_other</AlertDeVTypeName>
			<DevTypeName>/network/switch</DevTypeName>
		</DevTypeItem>
		<DevTypeItem>
			<AlertDeVTypeName>switchboard_cisco</AlertDeVTypeName>
			<DevTypeName>/network/switch</DevTypeName>
		</DevTypeItem>
		<DevTypeItem>
			<AlertDeVTypeName>switchboard_h3c</AlertDeVTypeName>
			<DevTypeName>/network/switch</DevTypeName>
		</DevTypeItem>
		<DevTypeItem>
			<AlertDeVTypeName>webapplication</AlertDeVTypeName>
			<DevTypeName>/appserver/webserver</DevTypeName>
		</DevTypeItem>
		<DevTypeItem>
			<AlertDeVTypeName>vmware</AlertDeVTypeName>
			<DevTypeName>/visual/host</DevTypeName>
		</DevTypeItem>
		<DevTypeItem>
			<AlertDeVTypeName>vmwareVM</AlertDeVTypeName>
			<DevTypeName>/visual/vm</DevTypeName>
		</DevTypeItem>
		<DevTypeItem>
			<AlertDeVTypeName>utm</AlertDeVTypeName>
			<DevTypeName>/security/UTM</DevTypeName>
		</DevTypeItem>
	</AlertDevType>
