<?xml version="1.0" encoding="UTF-8"?>
<GlobalDefinitions
	xmlns="http://www.radixdigit.com/tcmanager/monitor/global_definition/v_1"
	xmlns:xs="http://www.w3.org/2001/XMLSchema"
	xmlns:xsi="http://www.radixdigit.com/tcmanager/monitor/global_definition/v_1">
	
	<DeclareProtocol>
		<Protocol key="jdbc" defaultHandler="com.radixdigit.tcmanager.monitor.ext.sql.SqlHandler">
			<ParameterRule>com.radixdigit.tcmanager.monitor.ext.sql.DigesterRule_Sql</ParameterRule>
			<Client>com.radixdigit.tcmanager.monitor.ext.sql.JdbcClient</Client>
			<TreatmentType>Sql</TreatmentType>
		</Protocol>
		
		<Protocol key="local_jdbc" defaultHandler="com.radixdigit.tcmanager.monitor.ext.sql.SqlHandler">
			<ParameterRule>com.radixdigit.tcmanager.monitor.ext.sql.DigesterRule_Sql</ParameterRule>
			<Client>com.radixdigit.tcmanager.monitor.ext.sql.JdbcClient_Local</Client>
			<TreatmentType>Sql</TreatmentType>
		</Protocol>
		
		<Protocol key="telnet" defaultHandler="com.radixdigit.tcmanager.monitor.ext.shell.ShellHandler">
			<ParameterRule>com.radixdigit.tcmanager.monitor.ext.shell.DigesterRule_Shell</ParameterRule>
			<Client>com.radixdigit.tcmanager.monitor.ext.shell.ShellClient</Client>
			<TreatmentType>Shell</TreatmentType>
		</Protocol>
		<Protocol key="ssh" defaultHandler="com.radixdigit.tcmanager.monitor.ext.shell.ShellHandler">
			<ParameterRule>com.radixdigit.tcmanager.monitor.ext.shell.DigesterRule_Shell</ParameterRule>
			<Client>com.radixdigit.tcmanager.monitor.ext.shell.ShellClient</Client>
			<TreatmentType>Shell</TreatmentType>
		</Protocol>
		
		<Protocol key="snmp" defaultHandler="com.radixdigit.tcmanager.monitor.ext.snmp.SnmpHandler">
			<ParameterRule>com.radixdigit.tcmanager.monitor.ext.snmp.DigesterRule_Snmp</ParameterRule>
			<Client>com.radixdigit.tcmanager.monitor.ext.snmp.SnmpClient</Client>
			<TreatmentType>Snmp</TreatmentType>
		</Protocol>
		
		<Protocol key="tcp" defaultHandler="">
			<ParameterRule>com.radixdigit.tcmanager.monitor.ext.portProbe.DigesterRule_PortProbe</ParameterRule>
			<Client>com.radixdigit.tcmanager.monitor.ext.portProbe.RawTcpClient</Client>
			<TreatmentType>RawTcp</TreatmentType>
		</Protocol>
		
		<Protocol key="udp" defaultHandler="">
			<ParameterRule>com.radixdigit.tcmanager.monitor.ext.portProbe.DigesterRule_PortProbe</ParameterRule>
			<Client>com.radixdigit.tcmanager.monitor.ext.portProbe.RawUdpClient</Client>
			<TreatmentType>RawUdp</TreatmentType>
		</Protocol>
		
		<Protocol key="http" defaultHandler="">
			<ParameterRule>com.radixdigit.tcmanager.monitor.ext.portProbe.DigesterRule_PortProbe</ParameterRule>
			<Client>com.radixdigit.tcmanager.monitor.ext.http.HttpClient</Client>
			<TreatmentType>Http</TreatmentType>
		</Protocol>
		
		<Protocol key="radixdigit" defaultHandler="com.radixdigit.tcmanager.monitor.ext.radix.RadixHandler">
			<ParameterRule>com.radixdigit.tcmanager.monitor.ext.radix.DigesterRule_Radix</ParameterRule>
			<Client>com.radixdigit.tcmanager.monitor.ext.radix.RadixClient</Client>
			<TreatmentType>Radixdigit</TreatmentType>
		</Protocol>
		
	</DeclareProtocol>
	
	<DeclareMark>
		<Marker key="可用性" implementClass="com.radixdigit.tcmanager.monitor.core.marker.Marker_Usability" comment="仅用于标识可用性,不能用于其他指标">
			<StatusRestriction>
				<Item key="正常" key_en="Normal" value="1" />
				<Item key="不可用" key_en="Abnormal" value="0"/>
			</StatusRestriction>
		</Marker>
		<Marker key="Snmp接口" implementClass="com.radixdigit.tcmanager.monitor.core.marker.Marker_Snmp_IF" comment="Snmp接口" />
		<Marker key="Snmp接口计算带宽相关利用率" implementClass="com.radixdigit.tcmanager.monitor.core.marker.Marker_Snmp_IF_CaculateUtilization" comment="Snmp接口" />
		<Marker key="Snmp接口状态" implementClass="com.radixdigit.tcmanager.monitor.core.marker.Marker_Snmp_IF_Status" comment="Snmp接口状态">
			<StatusRestriction>				
				<Item key="启用" key_en="Up" value="1" />
				<Item key="未启用" key_en="Down" value="2" />
				<Item key="测试" key_en="Testing" value="3" />
				<Item key="未知" key_en="Unknown" value="4" />
				<Item key="休眠" key_en="Dormant" value="5" />
				<Item key="缺少组件" key_en="NotPresent" value="6" />
				<Item key="底层接口关闭" key_en="LowerLayerDown" value="7" />				
			</StatusRestriction>
		</Marker>
		<Marker key="平均阈值" implementClass="com.radixdigit.tcmanager.monitor.core.marker.Marker_AverageThreshold" comment="将指标值进行算数平均再计算阈值" />
		<Marker key="自身监控缓存数据" implementClass="com.radixdigit.tcmanager.monitor.core.marker.Marker_SelfMonitoring_CacheData" comment="自身监控缓存数据" />
		<Marker key="最关注指标" implementClass="com.radixdigit.tcmanager.monitor.core.marker.Marker_MostConcerned" comment="最关注指标" />
		<Marker key="CPU平均利用率" implementClass="com.radixdigit.tcmanager.monitor.core.marker.Marker_CpuAvgUsability" comment="CPU平均利用率" />
		<Marker key="TA_Cpu" implementClass="com.radixdigit.tcmanager.monitor.core.marker.Marker_TaCpu" comment="TA cpu利用率指标" />
		<Marker key="TA_Mem" implementClass="com.radixdigit.tcmanager.monitor.core.marker.Marker_TaMem" comment="TA cpu利用率指标" />
		<Marker key="TA_Bandwidth" implementClass="com.radixdigit.tcmanager.monitor.core.marker.Marker_Ta_Bandwidth" comment="TA 带宽使用率" />
		<Marker key="TA_IF_FLUX" implementClass="com.radixdigit.tcmanager.monitor.core.marker.Marker_TA_IF_FLUX" comment="TA 接口流速" />
		<Marker key="TA_DEVICE_FLUX" implementClass="com.radixdigit.tcmanager.monitor.core.marker.Marker_TA_DEVICE_FLUX" comment="设备总流速" />
		<Marker key="自身监控_CPU" implementClass="com.radixdigit.tcmanager.monitor.core.marker.Marker_SelfMonitoring_CPU" comment="自身监控_CPU" />
		<Marker key="自身监控_MEM" implementClass="com.radixdigit.tcmanager.monitor.core.marker.Marker_SelfMonitoring_MEM" comment="自身监控_MEM" />
		<Marker key="自身监控_DISK" implementClass="com.radixdigit.tcmanager.monitor.core.marker.Marker_SelfMonitoring_DISK" comment="自身监控_DISK" />
		<Marker key="定制" implementClass="com.radixdigit.tcmanager.monitor.core.marker.Marker_NeedUserCustomArgument" comment="定制" />
		<Marker key="版本判定" implementClass="com.radixdigit.tcmanager.monitor.core.marker.Marker_VersionDetection" comment="定制" />
	</DeclareMark>
	
	<Classification>
		<Layer key="monitor" brief="监控" icon="${base}/images/monitor/16/icon/monitor.png">
			<Layer key="server" brief="主机" icon="${base}/images/monitor/16/icon/server.png" license="base">
				<Layer key="windows" brief="Windows" icon="${base}/images/monitor/16/icon/windows.png" license="base"><!--  icon="${base}/images/monitor/16/server_windows.png" -->
					<Node ref="windows" />
				</Layer>
				<Layer key="linux" brief="Linux" icon="${base}/images/monitor/16/icon/linux.png" license="base"><!--  icon="${base}/images/monitor/16/server_linux.png" -->
					<Node ref="linux" />
				</Layer>
				<Layer key="aix" brief="AIX" icon="${base}/images/monitor/16/icon/aix.png" license="base"><!--  icon="${base}/images/monitor/16/server_aix.png" -->
					<Node ref="aix" />
				</Layer>
				<Layer key="solaris" brief="Solaris" icon="${base}/images/monitor/16/icon/solaris.png" license="base"><!--  icon="${base}/images/monitor/16/server_solaris.png" -->
					<Node ref="solaris" />
				</Layer>
				<Layer key="hpunix" brief="HPUnix" icon="${base}/images/monitor/16/server_hp.png" >
					<Node ref="hpunix" />
				</Layer>
			</Layer>
			<Layer key="netdevice" brief="网络设备" icon="${base}/images/monitor/16/icon/netdevice.png" license="base">
				<Layer key="router" brief="路由器" icon="${base}/images/monitor/16/icon/router.png" license="base">
					<Node ref="router" />
				</Layer>
				<Layer key="switchboard" brief="交换机" icon="${base}/images/monitor/16/icon/switchboard.png" license="base"><!--  icon="${base}/images/monitor/16/security_ips.png" -->
					<Node ref="switchboard" />
				</Layer>
			</Layer>
			<Layer key="securitydevice" brief="安全设备" icon="${base}/images/monitor/16/icon/device.png" license="base">
				<Node ref="securitydevice" />
			</Layer>
			
			<Layer key="radixdigit" brief="网擎流控设备" icon="${base}/images/monitor/16/icon/device.png" license="base">
				<Node ref="radixdigit" />
			</Layer>
			<!-- 服务 -->
			<Layer key="service" brief="应用服务" icon="${base}/images/monitor/16/icon/service.png">
				<Layer key="tcp" brief="TCP" icon="${base}/images/monitor/16/icon/tcp.png">
					<Node ref="tcp" />
				</Layer>
			</Layer>
			
		</Layer>
	</Classification>
	
	<DeclareType>
		<Type key="windows" brief="Windows" oneTableForEachConcerns="true" icon="windows.png">
			<Protocol ref="snmp" />
		</Type>
		<Type key="linux" brief="Linux" oneTableForEachConcerns="true" icon="linux.png">
			<Protocol ref="ssh" />
		</Type>
		<Type key="aix" brief="Aix" icon="aix.png">
			<Protocol ref="ssh" />
		</Type>
		<Type key="hpunix" brief="HpUnix" icon="hpunix.png">
			<Protocol ref="ssh" />
		</Type>
		<Type key="solaris" brief="Solaris" icon="solaris.png">
			<Protocol ref="ssh" />
		</Type>
		<Type key="securitydevice" brief="安全设备" icon="firewall.png">
			<Protocol ref="snmp" />
		</Type>
		
		<Type key="tcp" brief="Tcp" icon="tcp.png">
			<Protocol ref="tcp" />
		</Type>
		<Type key="udp" brief="Udp" icon="udp.png">
			<Protocol ref="Udp" />
		</Type>
		
		<Type key="router" brief="路由器" icon="router.png">
			<Protocol ref="snmp" />
		</Type>
		
		<Type key="switchboard" brief="交换机" icon="switchboard.png">
			<Protocol ref="snmp" />
		</Type>
		
		<Type key="webapplication" brief="Web应用程序" icon="webapplication.png">
			<Protocol ref="http" />
		</Type>
		
		<Type key="radixdigit" brief="网擎流控设备" icon="router.png">
			<Protocol ref="radixdigit" />
		</Type>
	</DeclareType>
</GlobalDefinitions>