<?xml version="1.0" encoding="UTF-8"?>
<MID>
    <MTypeID typeId="1" key="windows">
        <MVersion>
            <MVersionID versionId="1" version="windows" />
        </MVersion>
        <Concerns>
            <ConcernsId concernsId="1" key="ifOutUtilization" brief="发送利用率" table="zd_ifOutUtilization" valueType="Percentage" unit="" comment="发送利用率" />
            <ConcernsId concernsId="2" key="processMemUsage" brief="指定进程内存利用率" table="zd_processMemUsage" valueType="Percentage" unit="" comment="" />
            <ConcernsId concernsId="3" key="processExists" brief="指定进程是否存在" table="zd_processExists" valueType="Status" unit="" comment="" />
            <ConcernsId concernsId="4" key="ifOutLost" brief="发送丢包率" table="zd_ifOutLost" valueType="Percentage" unit="" comment="发送丢包率" />
            <ConcernsId concernsId="5" key="netConnection" brief="网络连接" table="zd_netConnection" valueType="JavaBean" unit="" comment="网络连接" />
            <ConcernsId concernsId="6" key="usability" brief="可用性" table="zd_usability" valueType="Status" unit="" comment="" />
            <ConcernsId concernsId="7" key="oid" brief="指定Oid" table="zd_oid" valueType="Text" unit="" comment="指定Oid" />
            <ConcernsId concernsId="8" key="cpuUsage" brief="CPU利用率" table="zd_cpuUsage" valueType="Percentage" unit="" comment="CPU利用率" />
            <ConcernsId concernsId="9" key="ifFlux" brief="总流速" table="zd_ifFlux" valueType="OrdinaryNumeric" unit="KB/s" comment="总流速" />
            <ConcernsId concernsId="10" key="ifInFlux" brief="接收流速" table="zd_ifInFlux" valueType="OrdinaryNumeric" unit="KB/s" comment="接收流速" />
            <ConcernsId concernsId="11" key="DiskAvailable" brief="可用存储空间" table="zd_DiskAvailable" valueType="OrdinaryNumeric" unit="GB" comment="可用存储空间" />
            <ConcernsId concernsId="12" key="ifOutPkts" brief="发包率" table="zd_ifOutPkts" valueType="OrdinaryNumeric" unit="packet/s" comment="发包率" />
            <ConcernsId concernsId="13" key="processCpuUsage" brief="指定进程Cpu利用率" table="zd_processCpuUsage" valueType="Percentage" unit="" comment="" />
            <ConcernsId concernsId="14" key="ifStatus" brief="接口状态" table="zd_ifStatus" valueType="Status" unit="" comment="接口状态" />
            <ConcernsId concernsId="15" key="ifInPkts" brief="收包率" table="zd_ifInPkts" valueType="OrdinaryNumeric" unit="packet/s" comment="收包率" />
            <ConcernsId concernsId="16" key="DiskUsage" brief="存储空间利用率" table="zd_DiskUsage" valueType="Percentage" unit="" comment="存储空间利用率" />
            <ConcernsId concernsId="17" key="ifInUtilization" brief="接收利用率" table="zd_ifInUtilization" valueType="Percentage" unit="" comment="接收利用率" />
            <ConcernsId concernsId="18" key="UnKnownProcess" brief="未知进程" table="zd_UnKnownProcess" valueType="Text" unit="" comment="未知进程" />
            <ConcernsId concernsId="19" key="upTime" brief="持续运行时间" table="zd_upTime" valueType="Text" unit="" comment="持续运行时间" />
            <ConcernsId concernsId="20" key="ifOutFlux" brief="发送流速" table="zd_ifOutFlux" valueType="OrdinaryNumeric" unit="KB/s" comment="发送流速" />
            <ConcernsId concernsId="21" key="ifInError" brief="接收错误率" table="zd_ifInError" valueType="Percentage" unit="" comment="接收错误率" />
            <ConcernsId concernsId="22" key="ifOutError" brief="发送错误率" table="zd_ifOutError" valueType="Percentage" unit="" comment="发送错误率" />
            <ConcernsId concernsId="23" key="DiskTotal" brief="总存储空间" table="zd_DiskTotal" valueType="OrdinaryNumeric" unit="GB" comment="总存储空间" />
            <ConcernsId concernsId="24" key="illegalProcess" brief="违规进程" table="zd_illegalProcess" valueType="Status" unit="" comment="" />
            <ConcernsId concernsId="25" key="Service" brief="服务" table="zd_Service" valueType="JavaBean" unit="" comment="服务" />
            <ConcernsId concernsId="26" key="DiskUsed" brief="已用存储空间" table="zd_DiskUsed" valueType="OrdinaryNumeric" unit="GB" comment="已用存储空间" />
            <ConcernsId concernsId="27" key="runningProcess" brief="当前进程" table="zd_runningProcess" valueType="JavaBean" unit="" comment="当前进程" />
            <ConcernsId concernsId="28" key="memUsage" brief="内存利用率" table="zd_memUsage" valueType="Percentage" unit="" comment="存储空间利用率" />
            <ConcernsId concernsId="29" key="ifInLost" brief="接收丢包率" table="zd_ifInLost" valueType="Percentage" unit="" comment="接收丢包率" />
            <ConcernsId concernsId="30" key="installSoftware" brief="安装软件" table="zd_installSoftware" valueType="JavaBean" unit="" comment="安装软件" />
        </Concerns>
    </MTypeID>
    <MTypeID typeId="2" key="linux">
        <MVersion>
            <MVersionID versionId="1" version="linux 2.4.21" />
            <MVersionID versionId="2" version="linux 2.4.9" />
            <MVersionID versionId="3" version="linux 2.6.18" />
            <MVersionID versionId="4" version="linux Fedora" />
            <MVersionID versionId="5" version="linux suse" />
        </MVersion>
        <Concerns>
            <ConcernsId concernsId="31" key="DiskUsage" brief="文件系统空间使用率" table="zd_spaceUsage" valueType="Percentage" unit="" comment="" />
            <ConcernsId concernsId="32" key="ProcessCpu" brief="指定进程的cpu利用率" table="zd_ProcessCpu" valueType="Percentage" unit="" comment="指定进程的cpu利用率" />
            <ConcernsId concernsId="33" key="onlineUser" brief="在线用户" table="zd_onlineUser" valueType="JavaBean" unit="" comment="" />
            <ConcernsId concernsId="34" key="customFsFreeSpace" brief="文件系统剩余空间" table="zd_customFsFreeSpace" valueType="OrdinaryNumeric" unit="MB" comment="" />
            <ConcernsId concernsId="35" key="diskIO" brief="磁盘IO" table="zd_diskIO" valueType="OrdinaryNumeric" unit="block/s" comment="" />
            <ConcernsId concernsId="36" key="cpuTop10" brief="消耗cpu top10" table="zd_cpuTop10" valueType="JavaBean" unit="" comment="" />
            <ConcernsId concernsId="37" key="usability" brief="可用性" table="zd_usability" valueType="Status" unit="" comment="" />
            <ConcernsId concernsId="38" key="memorySize" brief="内存大小" table="zd_memorySize" valueType="OrdinaryNumeric" unit="KB" comment="" />
            <ConcernsId concernsId="39" key="if" brief="网络接口" table="zd_if" valueType="JavaBean" unit="" comment="" />
            <ConcernsId concernsId="40" key="ConnectTime" brief="连接时间" table="zd_ConnectTime" valueType="OrdinaryNumeric" unit="ms" comment="连接时间" />
            <ConcernsId concernsId="41" key="versionDetection" brief="版本判定" table="zd_versionDetection" valueType="JavaBean" unit="" comment="版本判定" />
            <ConcernsId concernsId="42" key="OS" brief="操作系统" table="zd_OS" valueType="Text" unit="" comment="" />
            <ConcernsId concernsId="43" key="cpu" brief="CPU利用率" table="zd_cpu" valueType="Percentage" unit="" comment="" />
            <ConcernsId concernsId="44" key="uptime" brief="运行时间" table="zd_uptime" valueType="Text" unit="" comment="" />
            <ConcernsId concernsId="45" key="UnKnownProcess" brief="未知进程" table="zd_UnKnownProcess" valueType="Text" unit="" comment="" />
            <ConcernsId concernsId="46" key="swapTotal" brief="交换空间大小" table="zd_swapTotal" valueType="OrdinaryNumeric" unit="KB" comment="" />
            <ConcernsId concernsId="47" key="hostname" brief="主机名称" table="zd_hostname" valueType="Text" unit="" comment="" />
            <ConcernsId concernsId="48" key="customFsUsage" brief="文件系统空间使用率" table="zd_customFsUsage" valueType="Percentage" unit="" comment="" />
            <ConcernsId concernsId="49" key="memUsage" brief="内存利用率" table="zd_memory" valueType="Percentage" unit="" comment="" />
            <ConcernsId concernsId="50" key="hostpage" brief="页交换情况" table="zd_hostpage" valueType="OrdinaryNumeric" unit="KB/s" comment="" />
            <ConcernsId concernsId="51" key="Netstat" brief="网络连接" table="zd_Netstat" valueType="JavaBean" unit="" comment="" />
            <ConcernsId concernsId="52" key="illegalProcess" brief="违规进程" table="zd_illegalProcess" valueType="Status" unit="" comment="" />
            <ConcernsId concernsId="53" key="Service" brief="服务" table="zd_Service" valueType="JavaBean" unit="" comment="" />
            <ConcernsId concernsId="54" key="swap" brief="交换空间使用率" table="zd_swap" valueType="Percentage" unit="" comment="" />
            <ConcernsId concernsId="55" key="fsUsage" brief="文件系统空间使用" table="zd_fsUsage" valueType="JavaBean" unit="" comment="" />
            <ConcernsId concernsId="56" key="freeSpace" brief="文件系统剩余空间" table="zd_freeSpace" valueType="OrdinaryNumeric" unit="MB" comment="" />
        </Concerns>
    </MTypeID>
    <MTypeID typeId="3" key="aix">
        <MVersion>
            <MVersionID versionId="1" version="Aix" />
            <MVersionID versionId="2" version="Aix 5.2" />
            <MVersionID versionId="3" version="Aix 5.3" />
        </MVersion>
        <Concerns>
            <ConcernsId concernsId="57" key="DiskUsage" brief="文件系统空间使用率" table="zd_aix" valueType="Percentage" unit="" comment="" />
            <ConcernsId concernsId="58" key="ProcessCpu" brief="指定进程的cpu利用率" table="zd_aix" valueType="Percentage" unit="" comment="指定进程的cpu利用率" />
            <ConcernsId concernsId="59" key="onlineUser" brief="在线用户" table="zd_aix" valueType="JavaBean" unit="" comment="" />
            <ConcernsId concernsId="60" key="customFsFreeSpace" brief="文件系统剩余空间" table="zd_aix" valueType="OrdinaryNumeric" unit="MB" comment="" />
            <ConcernsId concernsId="61" key="cpuTop10" brief="消耗cpu top10" table="zd_aix" valueType="JavaBean" unit="" comment="" />
            <ConcernsId concernsId="62" key="usability" brief="可用性" table="zd_aix" valueType="Status" unit="" comment="" />
            <ConcernsId concernsId="63" key="if" brief="网络接口" table="zd_aix" valueType="JavaBean" unit="" comment="" />
            <ConcernsId concernsId="64" key="errptPERF" brief="性能严重下降错误" table="zd_aix" valueType="Text" unit="" comment="" />
            <ConcernsId concernsId="65" key="mem" brief="内存利用率" table="zd_aix" valueType="Percentage" unit="" comment="" />
            <ConcernsId concernsId="66" key="ConnectTime" brief="连接时间" table="zd_aix" valueType="OrdinaryNumeric" unit="ms" comment="连接时间" />
            <ConcernsId concernsId="67" key="errptPEND" brief="设备或功能组件丢失错误" table="zd_aix" valueType="Text" unit="" comment="" />
            <ConcernsId concernsId="68" key="errptPERM" brief="硬件设备或软件模块损坏错误" table="zd_aix" valueType="Text" unit="" comment="" />
            <ConcernsId concernsId="69" key="swapspaceusage" brief="调页空间使用率" table="zd_aix" valueType="OrdinaryNumeric" unit="block/s" comment="" />
            <ConcernsId concernsId="70" key="totalSpace" brief="文件系统总空间" table="zd_aix" valueType="OrdinaryNumeric" unit="MB" comment="" />
            <ConcernsId concernsId="71" key="OS" brief="操作系统" table="zd_aix" valueType="Text" unit="" comment="" />
            <ConcernsId concernsId="72" key="hostDiskIO" brief="磁盘每秒传输数据量" table="zd_aix" valueType="OrdinaryNumeric" unit="kbps" comment="" />
            <ConcernsId concernsId="73" key="swapspacesize" brief="调页空间总大小" table="zd_aix" valueType="OrdinaryNumeric" unit="MB" comment="" />
            <ConcernsId concernsId="74" key="UnKnownProcess" brief="未知进程" table="zd_aix" valueType="Text" unit="" comment="" />
            <ConcernsId concernsId="75" key="uptime" brief="运行时间" table="zd_aix" valueType="Text" unit="" comment="" />
            <ConcernsId concernsId="76" key="cpu" brief="CPU利用率" table="zd_aix" valueType="Percentage" unit="" comment="" />
            <ConcernsId concernsId="77" key="hostname" brief="主机名" table="zd_aix" valueType="Text" unit="" comment="" />
            <ConcernsId concernsId="78" key="memTotal" brief="内存总大小" table="zd_aix" valueType="OrdinaryNumeric" unit="MB" comment="" />
            <ConcernsId concernsId="79" key="customFsUsage" brief="文件系统空间使用率" table="zd_aix" valueType="Percentage" unit="" comment="" />
            <ConcernsId concernsId="80" key="hostpage" brief="页交换" table="zd_aix" valueType="OrdinaryNumeric" unit="KB/s" comment="" />
            <ConcernsId concernsId="81" key="outFlux" brief="网络发送流量" table="zd_aix" valueType="OrdinaryNumeric" unit="packets" comment="" />
            <ConcernsId concernsId="82" key="Netstat" brief="网络连接" table="zd_aix" valueType="JavaBean" unit="" comment="" />
            <ConcernsId concernsId="83" key="illegalProcess" brief="违规进程" table="zd_aix" valueType="Status" unit="" comment="" />
            <ConcernsId concernsId="84" key="memFree" brief="内存可用大小" table="zd_aix" valueType="OrdinaryNumeric" unit="MB" comment="" />
            <ConcernsId concernsId="85" key="Service" brief="服务" table="zd_aix" valueType="JavaBean" unit="" comment="" />
            <ConcernsId concernsId="86" key="outError" brief="网络发送错误量" table="zd_aix" valueType="OrdinaryNumeric" unit="packets" comment="" />
            <ConcernsId concernsId="87" key="fsUsage" brief="文件系统空间使用" table="zd_aix" valueType="JavaBean" unit="" comment="" />
            <ConcernsId concernsId="88" key="freeSpace" brief="文件系统剩余空间" table="zd_aix" valueType="OrdinaryNumeric" unit="MB" comment="" />
            <ConcernsId concernsId="89" key="inError" brief="网络接收错误量" table="zd_aix" valueType="OrdinaryNumeric" unit="packets" comment="" />
            <ConcernsId concernsId="90" key="inFlux" brief="网络接收流量" table="zd_aix" valueType="OrdinaryNumeric" unit="packets" comment="" />
        </Concerns>
    </MTypeID>
    <MTypeID typeId="4" key="hpunix">
        <MVersion>
            <MVersionID versionId="1" version="Hp Unix" />
            <MVersionID versionId="2" version="Hp Unix B.11.23" />
        </MVersion>
        <Concerns>
            <ConcernsId concernsId="91" key="DiskUsage" brief="文件系统空间使用率" table="zd_hpunix" valueType="Percentage" unit="" comment="" />
            <ConcernsId concernsId="92" key="ProcessCpu" brief="指定进程的cpu利用率" table="zd_hpunix" valueType="Percentage" unit="" comment="指定进程的cpu利用率" />
            <ConcernsId concernsId="93" key="ProcessMem" brief="指定进程的内存利用率" table="zd_hpunix" valueType="Percentage" unit="" comment="指定进程的内存利用率" />
            <ConcernsId concernsId="94" key="onlineUser" brief="在线用户" table="zd_hpunix" valueType="JavaBean" unit="" comment="" />
            <ConcernsId concernsId="95" key="customFsFreeSpace" brief="文件系统剩余空间" table="zd_hpunix" valueType="OrdinaryNumeric" unit="MB" comment="" />
            <ConcernsId concernsId="96" key="cpuTop10" brief="消耗cpu top10" table="zd_hpunix" valueType="JavaBean" unit="" comment="" />
            <ConcernsId concernsId="97" key="usability" brief="可用性" table="zd_hpunix" valueType="Status" unit="" comment="" />
            <ConcernsId concernsId="98" key="if" brief="网络接口" table="zd_hpunix" valueType="JavaBean" unit="" comment="" />
            <ConcernsId concernsId="99" key="ConnectTime" brief="连接时间" table="zd_hpunix" valueType="OrdinaryNumeric" unit="ms" comment="连接时间" />
            <ConcernsId concernsId="100" key="OS" brief="操作系统" table="zd_hpunix" valueType="Text" unit="" comment="" />
            <ConcernsId concernsId="101" key="cpu" brief="CPU利用率" table="zd_hpunix" valueType="Percentage" unit="" comment="" />
            <ConcernsId concernsId="102" key="uptime" brief="运行时间" table="zd_hpunix" valueType="Text" unit="" comment="" />
            <ConcernsId concernsId="103" key="UnKnownProcess" brief="未知进程" table="zd_hpunix" valueType="Text" unit="" comment="" />
            <ConcernsId concernsId="104" key="customFsUsage" brief="文件系统空间使用率" table="zd_hpunix" valueType="Percentage" unit="" comment="" />
            <ConcernsId concernsId="105" key="memUsage" brief="内存利用率" table="zd_hpunix" valueType="Percentage" unit="" comment="" />
            <ConcernsId concernsId="106" key="hostpage" brief="页交换情况" table="zd_hpunix" valueType="OrdinaryNumeric" unit="KB/s" comment="" />
            <ConcernsId concernsId="107" key="outFlux" brief="网络发送流量" table="zd_hpunix" valueType="OrdinaryNumeric" unit="KB" comment="" />
            <ConcernsId concernsId="108" key="Netstat" brief="网络连接" table="zd_hpunix" valueType="JavaBean" unit="" comment="" />
            <ConcernsId concernsId="109" key="illegalProcess" brief="违规进程" table="zd_hpunix" valueType="Status" unit="" comment="" />
            <ConcernsId concernsId="110" key="Service" brief="服务" table="zd_hpunix" valueType="JavaBean" unit="" comment="" />
            <ConcernsId concernsId="111" key="outError" brief="网络发送错误量" table="zd_hpunix" valueType="OrdinaryNumeric" unit="KB" comment="" />
            <ConcernsId concernsId="112" key="fsUsage" brief="文件系统空间使用" table="zd_hpunix" valueType="JavaBean" unit="" comment="" />
            <ConcernsId concernsId="113" key="inError" brief="磁盘接收错误量" table="zd_hpunix" valueType="OrdinaryNumeric" unit="KB" comment="" />
            <ConcernsId concernsId="114" key="freeSpace" brief="文件系统剩余空间" table="zd_hpunix" valueType="OrdinaryNumeric" unit="MB" comment="" />
            <ConcernsId concernsId="115" key="inFlux" brief="磁盘接收流量" table="zd_hpunix" valueType="OrdinaryNumeric" unit="KB" comment="" />
        </Concerns>
    </MTypeID>
    <MTypeID typeId="5" key="solaris">
        <MVersion>
            <MVersionID versionId="1" version="Solaris 5.1" />
        </MVersion>
        <Concerns>
            <ConcernsId concernsId="116" key="DiskUsage" brief="文件系统空间使用率" table="zd_solaris" valueType="Percentage" unit="" comment="" />
            <ConcernsId concernsId="117" key="ProcessCpu" brief="指定进程的cpu利用率" table="zd_solaris" valueType="Percentage" unit="" comment="指定进程的cpu利用率" />
            <ConcernsId concernsId="118" key="onlineUser" brief="在线用户" table="zd_solaris" valueType="JavaBean" unit="" comment="" />
            <ConcernsId concernsId="119" key="ProcessMem" brief="指定进程的内存利用率" table="zd_solaris" valueType="Percentage" unit="" comment="指定进程的内存利用率" />
            <ConcernsId concernsId="120" key="customFsFreeSpace" brief="文件系统剩余空间" table="zd_solaris" valueType="OrdinaryNumeric" unit="MB" comment="" />
            <ConcernsId concernsId="121" key="cpuTop10" brief="消耗cpu top10" table="zd_solaris" valueType="JavaBean" unit="" comment="" />
            <ConcernsId concernsId="122" key="usability" brief="可用性" table="zd_solaris" valueType="Status" unit="" comment="" />
            <ConcernsId concernsId="123" key="if" brief="网络接口" table="zd_solaris" valueType="JavaBean" unit="" comment="" />
            <ConcernsId concernsId="124" key="ConnectTime" brief="连接时间" table="zd_solaris" valueType="OrdinaryNumeric" unit="ms" comment="连接时间" />
            <ConcernsId concernsId="125" key="totalSpace" brief="文件系统总空间" table="zd_solaris" valueType="OrdinaryNumeric" unit="KB" comment="文件系统总空间" />
            <ConcernsId concernsId="126" key="usedSpace" brief="文件系统已用空间" table="zd_solaris" valueType="OrdinaryNumeric" unit="KB" comment="文件系统已用空间" />
            <ConcernsId concernsId="127" key="hostDiskIO" brief="磁盘每秒传输数据量" table="zd_solaris" valueType="OrdinaryNumeric" unit="kbps" comment="磁盘每秒传输数据量" />
            <ConcernsId concernsId="128" key="OS" brief="操作系统" table="zd_solaris" valueType="Text" unit="" comment="" />
            <ConcernsId concernsId="129" key="cpu" brief="CPU利用率" table="zd_solaris" valueType="Percentage" unit="" comment="" />
            <ConcernsId concernsId="130" key="uptime" brief="运行时间" table="zd_solaris" valueType="Text" unit="" comment="" />
            <ConcernsId concernsId="131" key="UnKnownProcess" brief="未知进程" table="zd_solaris" valueType="Text" unit="" comment="" />
            <ConcernsId concernsId="132" key="hostname" brief="主机名称" table="zd_solaris" valueType="Text" unit="" comment="" />
            <ConcernsId concernsId="133" key="memTotal" brief="内存总大小" table="zd_solaris" valueType="OrdinaryNumeric" unit="MB" comment="" />
            <ConcernsId concernsId="134" key="customFsUsage" brief="文件系统空间使用率" table="zd_solaris" valueType="Percentage" unit="" comment="" />
            <ConcernsId concernsId="135" key="memUsage" brief="内存利用情况" table="zd_solaris" valueType="OrdinaryNumeric" unit="MB" comment="" />
            <ConcernsId concernsId="136" key="hostpage" brief="页交换情况" table="zd_solaris" valueType="OrdinaryNumeric" unit="KB/s" comment="" />
            <ConcernsId concernsId="137" key="outFlux" brief="网络发送流量" table="zd_solaris" valueType="OrdinaryNumeric" unit="KB" comment="" />
            <ConcernsId concernsId="138" key="Netstat" brief="网络连接" table="zd_solaris" valueType="JavaBean" unit="" comment="" />
            <ConcernsId concernsId="139" key="illegalProcess" brief="违规进程" table="zd_solaris" valueType="Status" unit="" comment="" />
            <ConcernsId concernsId="140" key="Service" brief="服务" table="zd_solaris" valueType="JavaBean" unit="" comment="" />
            <ConcernsId concernsId="141" key="outError" brief="网络发送错误量" table="zd_solaris" valueType="OrdinaryNumeric" unit="KB" comment="" />
            <ConcernsId concernsId="142" key="fsUsage" brief="文件系统空间使用" table="zd_solaris" valueType="JavaBean" unit="" comment="" />
            <ConcernsId concernsId="143" key="freeSpace" brief="文件系统剩余空间" table="zd_solaris" valueType="OrdinaryNumeric" unit="KB" comment="文件系统剩余空间" />
            <ConcernsId concernsId="144" key="inError" brief="磁盘接收错误量" table="zd_solaris" valueType="OrdinaryNumeric" unit="KB" comment="" />
            <ConcernsId concernsId="145" key="inFlux" brief="磁盘接收流量" table="zd_solaris" valueType="OrdinaryNumeric" unit="KB" comment="" />
        </Concerns>
    </MTypeID>
    <MTypeID typeId="6" key="securitydevice">
        <MVersion>
            <MVersionID versionId="1" version="通用安全设备" />
        </MVersion>
        <Concerns>
            <ConcernsId concernsId="146" key="ifStatus" brief="接口状态" table="zd_securitydevice" valueType="Status" unit="" comment="接口状态" />
            <ConcernsId concernsId="147" key="ifOutUtilization" brief="发送利用率" table="zd_securitydevice" valueType="Percentage" unit="" comment="发送利用率" />
            <ConcernsId concernsId="148" key="ifInPkts" brief="收包率" table="zd_securitydevice" valueType="OrdinaryNumeric" unit="packet/s" comment="收包率" />
            <ConcernsId concernsId="149" key="ifInUtilization" brief="接收利用率" table="zd_securitydevice" valueType="Percentage" unit="" comment="接收利用率" />
            <ConcernsId concernsId="150" key="ifOutLost" brief="发送丢包率" table="zd_securitydevice" valueType="Percentage" unit="" comment="发送丢包率" />
            <ConcernsId concernsId="151" key="ifOutFlux" brief="发送流速" table="zd_securitydevice" valueType="OrdinaryNumeric" unit="KB/s" comment="发送流速" />
            <ConcernsId concernsId="152" key="ifInError" brief="接收错误率" table="zd_securitydevice" valueType="Percentage" unit="" comment="接收错误率" />
            <ConcernsId concernsId="153" key="ifOutError" brief="发送错误率" table="zd_securitydevice" valueType="Percentage" unit="" comment="发送错误率" />
            <ConcernsId concernsId="154" key="usability" brief="可用性" table="zd_securitydevice" valueType="Status" unit="" comment="" />
            <ConcernsId concernsId="155" key="ifFlux" brief="总流速" table="zd_securitydevice" valueType="OrdinaryNumeric" unit="KB/s" comment="总流速" />
            <ConcernsId concernsId="156" key="ifInFlux" brief="接收流速" table="zd_securitydevice" valueType="OrdinaryNumeric" unit="KB/s" comment="接收流速" />
            <ConcernsId concernsId="157" key="ifInLost" brief="接收丢包率" table="zd_securitydevice" valueType="Percentage" unit="" comment="接收丢包率" />
            <ConcernsId concernsId="158" key="ifOutPkts" brief="发包率" table="zd_securitydevice" valueType="OrdinaryNumeric" unit="packet/s" comment="发包率" />
        </Concerns>
    </MTypeID>
    <MTypeID typeId="7" key="tcp">
        <MVersion />
        <Concerns />
    </MTypeID>
    <MTypeID typeId="8" key="udp">
        <MVersion />
        <Concerns />
    </MTypeID>
    <MTypeID typeId="9" key="router">
        <MVersion>
            <MVersionID versionId="1" version="router" />
        </MVersion>
        <Concerns>
            <ConcernsId concernsId="159" key="ifStatus" brief="接口状态" table="zd_router" valueType="Status" unit="" comment="接口状态" />
            <ConcernsId concernsId="160" key="ifOutUtilization" brief="发送利用率" table="zd_router" valueType="Percentage" unit="" comment="发送利用率" />
            <ConcernsId concernsId="161" key="ifInPkts" brief="收包率" table="zd_router" valueType="OrdinaryNumeric" unit="packet/s" comment="收包率" />
            <ConcernsId concernsId="162" key="ifInUtilization" brief="接收利用率" table="zd_router" valueType="Percentage" unit="" comment="接收利用率" />
            <ConcernsId concernsId="163" key="ifOutLost" brief="发送丢包率" table="zd_router" valueType="Percentage" unit="" comment="发送丢包率" />
            <ConcernsId concernsId="164" key="ifOutFlux" brief="发送流速" table="zd_router" valueType="OrdinaryNumeric" unit="KB/s" comment="发送流速" />
            <ConcernsId concernsId="165" key="ifInError" brief="接收错误率" table="zd_router" valueType="Percentage" unit="" comment="接收错误率" />
            <ConcernsId concernsId="166" key="ifOutError" brief="发送错误率" table="zd_router" valueType="Percentage" unit="" comment="发送错误率" />
            <ConcernsId concernsId="167" key="usability" brief="可用性" table="zd_router" valueType="Status" unit="" comment="" />
            <ConcernsId concernsId="168" key="ifFlux" brief="总流速" table="zd_router" valueType="OrdinaryNumeric" unit="KB/s" comment="总流速" />
            <ConcernsId concernsId="169" key="ifInFlux" brief="接收流速" table="zd_router" valueType="OrdinaryNumeric" unit="KB/s" comment="接收流速" />
            <ConcernsId concernsId="170" key="ifInLost" brief="接收丢包率" table="zd_router" valueType="Percentage" unit="" comment="接收丢包率" />
            <ConcernsId concernsId="171" key="ifOutPkts" brief="发包率" table="zd_router" valueType="OrdinaryNumeric" unit="packet/s" comment="发包率" />
        </Concerns>
    </MTypeID>
    <MTypeID typeId="10" key="switchboard">
        <MVersion>
            <MVersionID versionId="1" version="switchboard" />
        </MVersion>
        <Concerns>
            <ConcernsId concernsId="172" key="ifStatus" brief="接口状态" table="zd_switchboard" valueType="Status" unit="" comment="接口状态" />
            <ConcernsId concernsId="173" key="ifOutUtilization" brief="发送利用率" table="zd_switchboard" valueType="Percentage" unit="" comment="发送利用率" />
            <ConcernsId concernsId="174" key="ifInPkts" brief="收包率" table="zd_switchboard" valueType="OrdinaryNumeric" unit="packet/s" comment="收包率" />
            <ConcernsId concernsId="175" key="ifInUtilization" brief="接收利用率" table="zd_switchboard" valueType="Percentage" unit="" comment="接收利用率" />
            <ConcernsId concernsId="176" key="ifOutLost" brief="发送丢包率" table="zd_switchboard" valueType="Percentage" unit="" comment="发送丢包率" />
            <ConcernsId concernsId="177" key="ifOutFlux" brief="发送流速" table="zd_switchboard" valueType="OrdinaryNumeric" unit="KB/s" comment="发送流速" />
            <ConcernsId concernsId="178" key="ifInError" brief="接收错误率" table="zd_switchboard" valueType="Percentage" unit="" comment="接收错误率" />
            <ConcernsId concernsId="179" key="ifOutError" brief="发送错误率" table="zd_switchboard" valueType="Percentage" unit="" comment="发送错误率" />
            <ConcernsId concernsId="180" key="usability" brief="可用性" table="zd_switchboard" valueType="Status" unit="" comment="" />
            <ConcernsId concernsId="181" key="ifFlux" brief="总流速" table="zd_switchboard" valueType="OrdinaryNumeric" unit="KB/s" comment="总流速" />
            <ConcernsId concernsId="182" key="ifInFlux" brief="接收流速" table="zd_switchboard" valueType="OrdinaryNumeric" unit="KB/s" comment="接收流速" />
            <ConcernsId concernsId="183" key="ifInLost" brief="接收丢包率" table="zd_switchboard" valueType="Percentage" unit="" comment="接收丢包率" />
            <ConcernsId concernsId="184" key="ifOutPkts" brief="发包率" table="zd_switchboard" valueType="OrdinaryNumeric" unit="packet/s" comment="发包率" />
        </Concerns>
    </MTypeID>
    <MTypeID typeId="11" key="webapplication">
        <MVersion />
        <Concerns />
    </MTypeID>
    <MTypeID typeId="12" key="radixdigit">
        <MVersion>
            <MVersionID versionId="1" version="radixdigit" />
        </MVersion>
        <Concerns>
            <ConcernsId concernsId="185" key="radixFlowDown" brief="下行流速" table="zd_radixdigit" valueType="OrdinaryNumeric" unit="Kbps" comment="总流速" />
            <ConcernsId concernsId="186" key="usability" brief="可用性" table="zd_radixdigit" valueType="Status" unit="" comment="" />
            <ConcernsId concernsId="187" key="radixFlowTotal" brief="总流速" table="zd_radixdigit" valueType="OrdinaryNumeric" unit="Kbps" comment="总流速" />
            <ConcernsId concernsId="188" key="DiskUsage" brief="磁盘利用率" table="zd_radixdigit" valueType="Percentage" unit="" comment="磁盘利用率" />
            <ConcernsId concernsId="189" key="cpuUsage" brief="CPU利用率" table="zd_radixdigit" valueType="Percentage" unit="" comment="CPU利用率" />
            <ConcernsId concernsId="190" key="radixFlowUp" brief="上行流速" table="zd_radixdigit" valueType="OrdinaryNumeric" unit="Kbps" comment="总流速" />
            <ConcernsId concernsId="191" key="memUsage" brief="内存利用率" table="zd_radixdigit" valueType="Percentage" unit="" comment="内存利用率" />
            <ConcernsId concernsId="192" key="radixSession" brief="会话数" table="zd_radixdigit" valueType="OrdinaryNumeric" unit="" comment="会话数" />
        </Concerns>
    </MTypeID>
</MID>

