<?xml version="1.0" encoding="UTF-8"?>
<Define
	xmlns="http://www.radixdigit.com/tcmanager/monitor/object_definition/v_1"
	xmlns:xs="http://www.w3.org/2001/XMLSchema"
	xmlns:xsi="http://www.radixdigit.com/tcmanager/monitor/object_definition/v_1">

	<Parameters version="linux 2.4.21" sortPriority="2">
		<Param key="ServiceCommand" value="service --status-all" />
		<Param key="NetstatCommand" value="netstat -nultpanp" />
		<Param key="common" value="true" />
	</Parameters>

	<Shared>
		<Res brief="vmstat_1_2" key="vmstat_1_2" comment="vmstat 1 2">
			<Shell structureBuilder="com.radixdigit.tcmanager.monitor.ext.shell.StructureBuilder_Shell_ShellCommandOutput"
					actualType="com.radixdigit.tcmanager.monitor.ext.shell.data.CommandLineOutput">
				<ShellArgument_3_Command>
					<Command>vmstat 1 2</Command>
				</ShellArgument_3_Command>
			</Shell>
		</Res>
		
		<Res brief="df_m_awk" key="df_m_awk" comment="df_m_awk">
			<Shell structureBuilder="com.radixdigit.tcmanager.monitor.ext.shell.StructureBuilder_Shell_ShellCommandOutput"
					actualType="com.radixdigit.tcmanager.monitor.ext.shell.data.CommandLineOutput">
				<ShellArgument_3_Command>
					<Command>df -m | awk '{if(NF>1) print $NF,$(NF-3),$(NF-2)}'</Command>
				</ShellArgument_3_Command>
			</Shell>
		</Res>
		
		<Res brief="进程列表" key="process_list" comment="进程列表">
			<Shell structureBuilder="com.radixdigit.tcmanager.monitor.ext.shell.StructureBuilder_Shell_UnixLike_ProcessDetailList"
					actualType="com.radixdigit.tcmanager.monitor.core.data.commonuse.ListOfProcess">
				<ShellArgument_3_Command>
					<Command>ps ax -o '%p %C %c'</Command>
				</ShellArgument_3_Command>
			</Shell>
		</Res>
		
		<Res brief="free-o" key="free-o" comment="">
			<Shell structureBuilder="com.radixdigit.tcmanager.monitor.ext.shell.StructureBuilder_Shell_ShellCommandOutput"
					actualType="com.radixdigit.tcmanager.monitor.ext.shell.data.CommandLineOutput">
				<ShellArgument_3_Command>
					<Command>/usr/bin/free -o</Command>
				</ShellArgument_3_Command>
			</Shell>
		</Res>
	</Shared>

	<Organization>

		<Layer brief="可用性">
			<Concerns brief="可用性" key="usability" comment="">
				<Declare type="Status">
					<UseMark ref="可用性" />
					<UseMark ref="应用不可用检测指标" />
					<UseMark ref="应用不可用页面显示指标" />
				</Declare>
			</Concerns>
		</Layer>
		
		<Layer brief="性能">
			
			<Concerns brief="连接时间" key="ConnectTime" comment="连接时间">
				<Declare type="OrdinaryNumeric" unit="ms">
				    <UseMark ref="应用性能检测指标" />
					<UseMark ref="应用性能页面显示指标" />
				</Declare>
				<Shell handler="com.radixdigit.tcmanager.monitor.core.handler.commonuse.Handler_All_ClientOpenTime" />
				<Knowledge>
					<Brief>连接时间过长：客户端连接到Fedora系统的最大响应时间过长</Brief>
					<Reasons>
						<KnowledgeEntry>网络异常,导致连接超时</KnowledgeEntry>
					</Reasons>
					<Solutions>
						<KnowledgeEntry>确认网络可达</KnowledgeEntry>
					</Solutions>
				</Knowledge>
			</Concerns>
			
			<Concerns brief="CPU利用率" key="cpu" comment="">
				<Declare type="Percentage">
					<UseRes ref="vmstat_1_2" />
					<UseMark ref="最关注指标" />
					<UseMark ref="CPU平均利用率" />
					<UseMark ref="应用性能检测指标" />
					<UseMark ref="应用性能页面显示指标" />
				</Declare>
				<Shell>
					<ShellArgument_1_SimpleExpression>
						<ResCmdOutputRef>vmstat_1_2</ResCmdOutputRef>
						<Exp indexName="CPU">100-$idle</Exp>
						<Var name="idle" type="numeric" line="5" token="15" />
					</ShellArgument_1_SimpleExpression>
				</Shell>
				<Knowledge>
					<Brief>CPU使用率过高：指系统使用的总 CPU峰值过大，用以描述当前CPU的使用情况。这将影响系统运行效率</Brief>
					<Reasons>
						<KnowledgeEntry>运行的应用程序较多，占用了大量CPU的轮询时间片</KnowledgeEntry>
						<KnowledgeEntry>硬件配置较低，导致CPU工作负荷较大</KnowledgeEntry>
					</Reasons>
					<Solutions>
						<KnowledgeEntry>关闭不必要的运行程序，清理内存空间</KnowledgeEntry>
						<KnowledgeEntry>提高硬件配置</KnowledgeEntry>
					</Solutions>
				</Knowledge>
			</Concerns>
			
			
			<Concerns brief="内存利用率" key="memUsage"  comment="内存利用率">
				<Declare type="Percentage">
					<UseRes ref="free-o" />
					<UseMark ref="最关注指标" />
					<UseMark ref="应用性能检测指标" />
					<UseMark ref="应用性能页面显示指标" />
				</Declare>
				<Shell>
					<ShellArgument_1_SimpleExpression>
						<ResCmdOutputRef>free-o</ResCmdOutputRef>
						<Exp indexName="Memory">100*(1-($free+$buffer+$cached)/$total)</Exp>
						<Var name="total" type="numeric" line="3" token="2" />
						<Var name="free" type="numeric" line="3" token="4" />
						<Var name="buffer" type="numeric" line="3" token="6" />
						<Var name="cached" type="numeric" line="3" token="7" />
					</ShellArgument_1_SimpleExpression>
				</Shell>
				<Knowledge>
					<Brief>内存使用率过高：指系统利用的总物理内存数过高，用以描述当前系统的内存的使用情况。这将影响系统运行效率</Brief>
					<Reasons>
						<KnowledgeEntry>运行的应用程序较多，占用了大量内存</KnowledgeEntry>
						<KnowledgeEntry>window主机的虚拟内存设置较低，内存交换空间不够使用</KnowledgeEntry>
					</Reasons>
					<Solutions>
						<KnowledgeEntry>增加物理内存，设置较高的虚拟内存</KnowledgeEntry>
					</Solutions>
				</Knowledge>
			</Concerns>
			
			<Concerns brief="内存大小" key="memorySize" comment="">
				<Declare type="OrdinaryNumeric" unit="KB">
					<UseRes ref="free-o" />
				</Declare>
				<Shell>
					<ShellArgument_1_SimpleExpression>
						<ResCmdOutputRef>free-o</ResCmdOutputRef>
						<Exp indexName="Memory">$total</Exp>
						<Var name="total" type="numeric" line="3" token="2" />
					</ShellArgument_1_SimpleExpression>
				</Shell>
			</Concerns>
			
			<Concerns brief="交换空间使用率" key="swap" comment="">
				<Declare type="Percentage">
				   <UseMark ref="应用性能检测指标" />
				   <UseMark ref="应用性能页面显示指标" />
				</Declare>
				<Shell>
					<ShellArgument_1_SimpleExpression>
						<Command>/sbin/swapon -s</Command>
						<Exp indexName="Swap">100*$used/$total</Exp>
						<Var name="total" type="numeric" line="3" token="3" />
						<Var name="used" type="numeric" line="3" token="4" />
					</ShellArgument_1_SimpleExpression>
				</Shell>
				<Knowledge>
					<Brief>交换空间使用率过高：当前交换空间的容量已经接近系统设置的最大交换空间。</Brief>
					<Reasons>
						<KnowledgeEntry>交换空间可用存储空间不够用，操作系统将内存中大量不活动的页存储交换到。</KnowledgeEntry>
					</Reasons>
					<Solutions>
						<KnowledgeEntry>设置增加新的交换空间，以便操作系统动态的空出真实的物理内存是给其它的程序用的</KnowledgeEntry>
					</Solutions>
				</Knowledge>
			</Concerns>
			
			<Concerns brief="交换空间大小" key="swapTotal" comment="">
				<Declare type="OrdinaryNumeric" unit="KB" />
				<Shell>
					<ShellArgument_1_SimpleExpression>
						<Command>/sbin/swapon -s</Command>
						<Exp indexName="total">$total</Exp>
						<Var name="total" type="numeric" line="3" token="3" />
					</ShellArgument_1_SimpleExpression>
				</Shell>
			</Concerns>
			
			<Concerns brief="页交换情况" key="hostpage" comment="">
				<Declare type="OrdinaryNumeric" unit="KB/s">
					<UseRes ref="vmstat_1_2" />
				</Declare>
				<Shell>
					<ShellArgument_1_SimpleExpression>
						<ResCmdOutputRef>vmstat_1_2</ResCmdOutputRef>
						<Exp indexName="si">$si</Exp>
						<Exp indexName="so">$so</Exp>
						<Var name="si" type="numeric" line="5" token="7" />
						<Var name="so" type="numeric" line="5" token="8" />
					</ShellArgument_1_SimpleExpression>
				</Shell>
				<Knowledge>
					<Brief>换页空间不足：换页空间使用率超过一定比例的时候，系统会停顿，或者是死机</Brief>
					<Reasons>
						<KnowledgeEntry>存在未激活的换页空间</KnowledgeEntry>
						<KnowledgeEntry>内存不足，导致大量数据写入换页空间</KnowledgeEntry>
						<KnowledgeEntry>运行在此系统上的其他应用程序写入了大量的数据到换页空间</KnowledgeEntry>
					</Reasons>
					<Solutions>
						<KnowledgeEntry>增加物理内存，设置较高的换页空间大小</KnowledgeEntry>
					</Solutions>
				</Knowledge>
			</Concerns>
			
			<Concerns brief="磁盘IO" key="diskIO" comment="">
				<Declare type="OrdinaryNumeric" unit="block/s">
					<UseRes ref="vmstat_1_2" />
				</Declare>
				<Shell>
					<ShellArgument_1_SimpleExpression>
						<ResCmdOutputRef>vmstat_1_2</ResCmdOutputRef>
						<Exp indexName="bi">$bi</Exp>
						<Exp indexName="bo">$bo</Exp>
						<Var name="bi" type="numeric" line="5" token="9" />
						<Var name="bo" type="numeric" line="5" token="10" />
					</ShellArgument_1_SimpleExpression>
				</Shell>
				<Knowledge>
					<Brief>磁盘读写效率较低：磁盘驱动器每秒读取或写入较慢</Brief>
					<Reasons>
						<KnowledgeEntry>程序读写磁盘的效率较低</KnowledgeEntry>
						<KnowledgeEntry>磁盘碎片较多</KnowledgeEntry>
						<KnowledgeEntry>磁盘存在坏道</KnowledgeEntry>
						<KnowledgeEntry>磁盘缓存较小</KnowledgeEntry>
					</Reasons>
					<Solutions>
						<KnowledgeEntry>更改程序读写的方式，例如多线程并发读写</KnowledgeEntry>
						<KnowledgeEntry>整理磁盘碎片</KnowledgeEntry>
						<KnowledgeEntry>更换更高性能磁盘</KnowledgeEntry>
					</Solutions>
				</Knowledge>
			</Concerns>
			
			<Concerns brief="文件系统剩余空间" key="freeSpace" comment="">
				<Declare type="OrdinaryNumeric" unit="MB">
					<UseRes ref="df_m_awk" />
				</Declare>
				<Shell>
					<ShellArgument_2_Table>
						<ResCmdOutputRef>df_m_awk</ResCmdOutputRef>
						<LineDef startLine="3">
							<Exp indexName="$name">$free</Exp>
							<Var name="name" type="string" token="1" />
							<Var name="free" type="numeric" token="3" />
						</LineDef>
					</ShellArgument_2_Table>
				</Shell>
			</Concerns>
			
			<Concerns brief="文件系统空间使用率" key="DiskUsage" comment="">
				<Declare type="Percentage">
					<UseRes ref="df_m_awk" />
					<UseMark ref="应用性能检测指标" />
					<UseMark ref="应用性能页面显示指标" />
				</Declare>
				<Shell>
					<ShellArgument_2_Table>
						<ResCmdOutputRef>df_m_awk</ResCmdOutputRef>
						<LineDef startLine="3">
							<Exp indexName="$name">100*$used/($free+$used)</Exp>
							<Var name="name" type="string" token="1" />
							<Var name="used" type="numeric" token="2" />
							<Var name="free" type="numeric" token="3" />
						</LineDef>
					</ShellArgument_2_Table>
				</Shell>
				<Knowledge>
					<Brief>文件系统空间使用率过高：指文件系统已用磁盘空间占文件系统分配的总磁盘空间比例较高</Brief>
					<Reasons>
						<KnowledgeEntry>操作系统在该文件系统下产生存储大量文件</KnowledgeEntry>
						<KnowledgeEntry>应用程序的一些数据或log文件占用了大量空间</KnowledgeEntry>
					</Reasons>
					<Solutions>
						<KnowledgeEntry>整理文件系统，删除无用的数据</KnowledgeEntry>
						<KnowledgeEntry>增加磁盘空间，重新为文件系统挂载更大空间</KnowledgeEntry>
					</Solutions>
				</Knowledge>
			</Concerns>
		
		</Layer>
		
		<Layer brief="定制">
			<Concerns brief="指定进程的cpu利用率" key="ProcessCpu" comment="指定进程的cpu利用率">
				<Declare type="Percentage">
					<UseRes ref="process_list" />
					<UseMark ref="定制" />
				</Declare>
				<Shell handler="com.radixdigit.tcmanager.monitor.core.handler.commonuse.host.Handler_Host_ProcessCpu" />
			</Concerns>
			
			<Concerns brief="文件系统空间使用率" key="customFsUsage" comment="">
				<Declare type="Percentage">
					<UseMark ref="定制" />
				</Declare>
				<Shell handler="com.radixdigit.tcmanager.monitor.ext.shell.ShellHandler_UnixLike_FileSystem">
					<ShellArgument_1_SimpleExpression>
						<Command>df -m ${param}</Command>
						<Exp indexName="">100*$use/($free+$use)</Exp>
						<Var name="free" type="numeric" line="3" token="4" />
						<Var name="use" type="numeric" line="3" token="3" />
					</ShellArgument_1_SimpleExpression>
				</Shell>
			</Concerns>
			
			<Concerns brief="文件系统剩余空间" key="customFsFreeSpace" comment="">
				<Declare type="OrdinaryNumeric" unit="MB">
					<UseMark ref="定制" />
				</Declare>
				<Shell handler="com.radixdigit.tcmanager.monitor.ext.shell.ShellHandler_UnixLike_FileSystem">
					<ShellArgument_1_SimpleExpression>
						<Command>df -m ${param}</Command>
						<Exp indexName="">$free</Exp>
						<Var name="free" type="numeric" line="3" token="4" />
					</ShellArgument_1_SimpleExpression>
				</Shell>
			</Concerns>
			
			<Concerns brief="违规进程" key="illegalProcess" comment="">
				<Declare type="Status">
					<UseRes ref="process_list" />
					<UseMark ref="定制" />
					<StatusRestriction>
						<Item key="正常" value="0" />
						<Item name="发现违规" value="1"/>
					</StatusRestriction>
				</Declare>
				<Shell handler="com.radixdigit.tcmanager.monitor.core.handler.commonuse.host.Handler_Host_IllegalProcess" />
			</Concerns>
			
		</Layer>
		
		<Layer brief="其它" noNumeric="true">
			<Concerns brief="操作系统" key="OS" comment="">
				<Declare type="Text" />
				<Shell>
					<ShellArgument_3_Command>
						<Command>uname -p -r -s -o</Command>
					</ShellArgument_3_Command>
				</Shell>
			</Concerns>
			
			<Concerns brief="主机名称" key="hostname" comment="">
				<Declare type="Text" />
				<Shell>
					<ShellArgument_3_Command>
						<Command>uname -n</Command>
					</ShellArgument_3_Command>
				</Shell>
			</Concerns>
			
			<Concerns brief="运行时间" key="uptime" comment="">
				<Declare type="Text" />
				<Shell>
					<ShellArgument_3_Command>
						<Command>uptime</Command>
					</ShellArgument_3_Command>
				</Shell>
			</Concerns>
			
			<Concerns brief="未知进程" key="UnKnownProcess" comment="">
				<Declare type="Text">
					<UseRes ref="process_list" />
				</Declare>
				<Shell handler="com.radixdigit.tcmanager.monitor.core.handler.commonuse.host.Handler_Host_UnKnownProcess" />
			</Concerns>
			
			<Concerns brief="在线用户" key="onlineUser" comment="">
				<Declare type="JavaBean" />
				<Shell structureBuilder="com.radixdigit.tcmanager.monitor.ext.shell.StructureBuilder_Shell_ShellCommandOutput"
					actualType="com.radixdigit.tcmanager.monitor.ext.shell.data.CommandLineOutput">
					<ShellArgument_3_Command>
						<Command>who</Command>
					</ShellArgument_3_Command>
				</Shell>
			</Concerns>
			
			<Concerns brief="网络接口" key="if" comment="">
				<Declare type="JavaBean" />
				<Shell structureBuilder="com.radixdigit.tcmanager.monitor.ext.shell.StructureBuilder_Shell_ShellCommandOutput"
					actualType="com.radixdigit.tcmanager.monitor.ext.shell.data.CommandLineOutput">
					<ShellArgument_3_Command>
						<Command>netstat -i</Command>
					</ShellArgument_3_Command>
				</Shell>
			</Concerns>
			
			<Concerns brief="文件系统空间使用" key="fsUsage" comment="">
				<Declare type="JavaBean" />
				<Shell structureBuilder="com.radixdigit.tcmanager.monitor.ext.shell.StructureBuilder_Shell_ShellCommandOutput"
					actualType="com.radixdigit.tcmanager.monitor.ext.shell.data.CommandLineOutput">
					<ShellArgument_3_Command>
						<Command>df -P</Command>
					</ShellArgument_3_Command>
				</Shell>
			</Concerns>
			
			<Concerns brief="消耗cpu top10" key="cpuTop10" comment="">
				<Declare type="JavaBean" />
				<Shell structureBuilder="com.radixdigit.tcmanager.monitor.ext.shell.StructureBuilder_Shell_ShellCommandOutput"
					actualType="com.radixdigit.tcmanager.monitor.ext.shell.data.CommandLineOutput">
					<ShellArgument_3_Command>
						<Command>ps aux | sort -r +2 -4 | grep -v '%CPU' | head -10</Command>
					</ShellArgument_3_Command>
				</Shell>
			</Concerns>
			
			<Concerns brief="服务" key="Service" comment="">
				<Declare type="JavaBean" />
				<Shell structureBuilder="com.radixdigit.tcmanager.monitor.ext.shell.StructureBuilder_Shell_UnixLike_Service"
					actualType="com.radixdigit.tcmanager.monitor.ext.shell.data.CommandLineOutput" />
			</Concerns>
			
			<Concerns brief="网络连接" key="Netstat" comment="">
				<Declare type="JavaBean" />
				<Shell structureBuilder="com.radixdigit.tcmanager.monitor.ext.shell.StructureBuilder_Shell_UnixLike_Netstat"
					actualType="com.radixdigit.tcmanager.monitor.ext.shell.data.CommandLineOutput" />
			</Concerns>
		</Layer>

	</Organization>


</Define>
