<?xml version="1.0" encoding="UTF-8"?>
<Define
	xmlns="http://www.radixdigit.com/tcmanager/monitor/object_definition/v_1"
	xmlns:xs="http://www.w3.org/2001/XMLSchema"
	xmlns:xsi="http://www.radixdigit.com/tcmanager/monitor/object_definition/v_1">

	<Parameters version="Aix" sortPriority="3">
		<Param key="ServiceCommand" value="lssrc -a" />
		<Param key="NetstatCommand" value="netstat -a" />
	</Parameters>

	<Shared>
		<Res brief="vmstat_1_2" key="vmstat_1_2" comment="vmstat 1 2">
			<Shell structureBuilder="com.radixdigit.tcmanager.monitor.ext.shell.StructureBuilder_Shell_ShellCommandOutput"
					actualType="com.radixdigit.tcmanager.monitor.ext.shell.data.CommandLineOutput">
				<ShellArgument_3_Command>
					<Command>vmstat 1 2</Command>
				</ShellArgument_3_Command>
			</Shell>
		</Res>
		
		<Res brief="df_m" key="df_m" comment="df_m">
			<Shell structureBuilder="com.radixdigit.tcmanager.monitor.ext.shell.StructureBuilder_Shell_ShellCommandOutput"
					actualType="com.radixdigit.tcmanager.monitor.ext.shell.data.CommandLineOutput">
				<ShellArgument_3_Command>
					<Command>df -m</Command>
				</ShellArgument_3_Command>
			</Shell>
		</Res>
		
		<Res brief="进程列表" key="process_list" comment="进程列表">
			<Shell structureBuilder="com.radixdigit.tcmanager.monitor.ext.shell.StructureBuilder_Shell_UnixLike_ProcessDetailList"
					actualType="com.radixdigit.tcmanager.monitor.core.data.commonuse.ListOfProcess">
				<ShellArgument_3_Command>
					<Command>ps ax -o '%p %C %c'</Command>
				</ShellArgument_3_Command>
			</Shell>
		</Res>
		
		<Res brief="接口状态" key="netstat" comment="接口状态">
			<Shell structureBuilder="com.radixdigit.tcmanager.monitor.ext.shell.StructureBuilder_Shell_ShellCommandOutput"
					actualType="com.radixdigit.tcmanager.monitor.ext.shell.data.CommandLineOutput">
				<ShellArgument_3_Command>
					<Command>netstat -in</Command>
				</ShellArgument_3_Command>
			</Shell>
		</Res>
	</Shared>

	<Organization>

		<Layer brief="可用性">
			<Concerns brief="可用性" key="usability" comment="">
				<Declare type="Status">
					<UseMark ref="可用性" />
					<UseMark ref="应用不可用检测指标" />
					<UseMark ref="应用不可用页面显示指标" />
				</Declare>
			</Concerns>
		</Layer>
		
		<Layer brief="性能">
			
			<Concerns brief="连接时间" key="ConnectTime" comment="连接时间">
				<Declare type="OrdinaryNumeric" unit="ms" />
				<Shell handler="com.radixdigit.tcmanager.monitor.core.handler.commonuse.Handler_All_ClientOpenTime" />
				<Knowledge>
					<Brief>连接时间过长：客户端连接到Fedora系统的最大响应时间过长</Brief>
					<Reasons>
						<KnowledgeEntry>网络异常,导致连接超时</KnowledgeEntry>
					</Reasons>
					<Solutions>
						<KnowledgeEntry>确认网络可达</KnowledgeEntry>
					</Solutions>
				</Knowledge>
			</Concerns>
			
			<Concerns brief="CPU利用率" key="cpu" comment="">
				<Declare type="Percentage">
					<UseRes ref="vmstat_1_2" />
					<UseMark ref="最关注指标" />
					<UseMark ref="CPU平均利用率" />
				</Declare>
				<Shell>
					<ShellArgument_1_SimpleExpression>
						<ResCmdOutputRef>vmstat_1_2</ResCmdOutputRef>
						<Exp indexName="CPU">100-$idle</Exp>
						<Var name="idle" type="numeric" line="9" token="16" />
					</ShellArgument_1_SimpleExpression>
				</Shell>
				<Knowledge>
					<Brief>CPU使用率过高：指系统使用的总 CPU峰值过大，用以描述当前CPU的使用情况。这将影响系统运行效率</Brief>
					<Reasons>
						<KnowledgeEntry>运行的应用程序较多，占用了大量CPU的轮询时间片</KnowledgeEntry>
						<KnowledgeEntry>硬件配置较低，导致CPU工作负荷较大</KnowledgeEntry>
					</Reasons>
					<Solutions>
						<KnowledgeEntry>关闭不必要的运行程序，清理内存空间</KnowledgeEntry>
						<KnowledgeEntry>提高硬件配置</KnowledgeEntry>
					</Solutions>
				</Knowledge>
			</Concerns>
			
			<Concerns brief="内存利用率" key="memUsage"  comment="内存利用率">
				<Declare type="Percentage">
					<UseMark ref="最关注指标" />
				</Declare>
				<Shell>
					<ShellArgument_1_SimpleExpression>
						<Command>vmstat -v | grep -i -e 'memory pages$' -e 'free pages$' | awk '{print $1}'</Command>
						<Exp indexName="Mem">100*(1-$free/$all)</Exp>
						<Var name="all" type="numeric" line="2" token="1" />
						<Var name="free" type="numeric" line="3" token="1" />
					</ShellArgument_1_SimpleExpression>
				</Shell>
				<Knowledge>
					<Brief>内存使用率过高：指系统利用的总物理内存数过高，用以描述当前系统的内存的使用情况。这将影响系统运行效率</Brief>
					<Reasons>
						<KnowledgeEntry>运行的应用程序较多，占用了大量内存</KnowledgeEntry>
						<KnowledgeEntry>window主机的虚拟内存设置较低，内存交换空间不够使用</KnowledgeEntry>
					</Reasons>
					<Solutions>
						<KnowledgeEntry>增加物理内存，设置较高的虚拟内存</KnowledgeEntry>
					</Solutions>
				</Knowledge>
			</Concerns>
			
			<Concerns brief="内存总大小" key="memTotal" comment="">
				<Declare type="OrdinaryNumeric" unit="MB" />
				<Shell>
					<ShellArgument_1_SimpleExpression>
						<Command>vmstat -v | grep -i -e 'memory pages$' -e 'free pages$' | awk '{print $1}'</Command>
						<Exp indexName="Mem">$all*4/1024</Exp><!-- 一个page的大小为4KB -->
						<Var name="all" type="numeric" line="2" token="1" />
					</ShellArgument_1_SimpleExpression>
				</Shell>
			</Concerns>
			
			<Concerns brief="内存可用大小" key="memFree" comment="">
				<Declare type="OrdinaryNumeric" unit="MB" />
				<Shell>
					<ShellArgument_1_SimpleExpression>
						<Command>vmstat -v | grep -i -e 'memory pages$' -e 'free pages$' | awk '{print $1}'</Command>
						<Exp indexName="Mem">$free*4/1024</Exp><!-- 一个page的大小为4KB -->
						<Var name="free" type="numeric" line="3" token="1" />
					</ShellArgument_1_SimpleExpression>
				</Shell>
			</Concerns>
						
			<Concerns brief="页交换" key="hostpage" comment="">
				<Declare type="OrdinaryNumeric" unit="KB/s" />
				<Shell>
					<ShellArgument_1_SimpleExpression>
						<Command>vmstat</Command>
						<Exp indexName="pi">$pi*4</Exp><!-- 一个page的大小为4KB -->
						<Exp indexName="po">$po*4</Exp><!-- 一个page的大小为4KB -->
						<Var name="pi" type="numeric" line="6" token="6" />
						<Var name="po" type="numeric" line="6" token="7" />
					</ShellArgument_1_SimpleExpression>
				</Shell>
			</Concerns>
			
			<Concerns brief="调页空间总大小" key="swapspacesize" comment="">
				<Declare type="OrdinaryNumeric" unit="MB" />
				<Shell>
					<ShellArgument_1_SimpleExpression>
						<Command>lsps -a | sed 's/MB//'</Command>
						<Exp indexName="size">$size</Exp>
						<Var name="size" type="numeric" line="3" token="4" />
					</ShellArgument_1_SimpleExpression>
				</Shell>
			</Concerns>
			
			<Concerns brief="调页空间使用率" key="swapspaceusage" comment="">
				<Declare type="OrdinaryNumeric" unit="block/s" />
				<Shell>
					<ShellArgument_1_SimpleExpression>
						<Command>lsps -a</Command>
						<Exp indexName="used">$used</Exp>
						<Var name="used" type="numeric" line="3" token="5" />
					</ShellArgument_1_SimpleExpression>
				</Shell>
				<Knowledge>
					<Brief>调页空间使用率较高：为了向有限的实内存空间提供很大的虚拟内存空间，系统使用实内存作为工作空间，并将没有映射的非活动数据和程序保存在磁盘上。包含该数据的磁盘区域称为调页空间。这里指该磁盘区域占用较高</Brief>
					<Reasons>
						<KnowledgeEntry>没有映射的非活动数据和程序过多</KnowledgeEntry>
					</Reasons>
					<Solutions>
						<KnowledgeEntry>关闭不必要的非活动程序，增加最大调页空间</KnowledgeEntry>
					</Solutions>
				</Knowledge>
			</Concerns>
			
			<Concerns brief="文件系统总空间" key="totalSpace" comment="">
				<Declare type="OrdinaryNumeric" unit="MB">
					<UseRes ref="df_m" />
				</Declare>
				<Shell>
					<ShellArgument_2_Table>
						<ResCmdOutputRef>df_m</ResCmdOutputRef>
						<LineDef startLine="3">
							<Exp indexName="$name">$total</Exp>
							<Var name="name" type="string" token="7" />
							<Var name="total" type="numeric" token="2" />
						</LineDef>
					</ShellArgument_2_Table>
				</Shell>
			</Concerns>
			
			<Concerns brief="文件系统剩余空间" key="freeSpace" comment="">
				<Declare type="OrdinaryNumeric" unit="MB">
					<UseRes ref="df_m" />
				</Declare>
				<Shell>
					<ShellArgument_2_Table>
						<ResCmdOutputRef>df_m</ResCmdOutputRef>
						<LineDef startLine="3">
							<Exp indexName="$name">$free</Exp>
							<Var name="name" type="string" token="7" />
							<Var name="free" type="numeric" token="3" />
						</LineDef>
					</ShellArgument_2_Table>
				</Shell>
			</Concerns>
			
			<Concerns brief="文件系统空间使用率" key="DiskUsage" comment="">
				<Declare type="Percentage">
					<UseRes ref="df_m" />
				</Declare>
				<Shell>
					<ShellArgument_2_Table>
						<ResCmdOutputRef>df_m</ResCmdOutputRef>
						<LineDef startLine="3">
							<Exp indexName="$name">$rate</Exp>
							<Var name="name" type="string" token="7" />
							<Var name="rate" type="numeric" token="4" />
						</LineDef>
					</ShellArgument_2_Table>
				</Shell>
				<Knowledge>
					<Brief>文件系统空间使用率过高：指文件系统已用磁盘空间占文件系统分配的总磁盘空间比例较高</Brief>
					<Reasons>
						<KnowledgeEntry>操作系统在该文件系统下产生存储大量文件</KnowledgeEntry>
						<KnowledgeEntry>应用程序的一些数据或log文件占用了大量空间</KnowledgeEntry>
					</Reasons>
					<Solutions>
						<KnowledgeEntry>整理文件系统，删除无用的数据</KnowledgeEntry>
						<KnowledgeEntry>增加磁盘空间，重新为文件系统挂载更大空间</KnowledgeEntry>
					</Solutions>
				</Knowledge>
			</Concerns>
			
			<Concerns brief="磁盘每秒传输数据量" key="hostDiskIO" comment="">
				<Declare type="OrdinaryNumeric" unit="kbps" />
				<Shell>
					<ShellArgument_2_Table>
						<Command>iostat -d 2 1</Command>
						<LineDef startLine="6">
							<Exp indexName="$disk">$kbps</Exp>
							<Var name="disk" type="string" token="1" />
							<Var name="kbps" type="numeric" token="3" />
						</LineDef>
					</ShellArgument_2_Table>
				</Shell>
				<Knowledge>
					<Brief>磁盘每秒传输数据量较小：磁盘每秒读取/写入的数据量较小，</Brief>
					<Reasons>
						<KnowledgeEntry>磁盘的高速缓存较小</KnowledgeEntry>
						<KnowledgeEntry>磁盘本身的性能不够，例如：主轴转速低、平均寻址长</KnowledgeEntry>
					</Reasons>
					<Solutions>
						<KnowledgeEntry>更换性能更好的磁盘</KnowledgeEntry>
					</Solutions>
				</Knowledge>
			</Concerns>		
		</Layer>
		
		<Layer brief="网络流量">
			<Concerns brief="网络接收流量" key="inFlux" comment="">
				<Declare type="OrdinaryNumeric" unit="packets">
					<UseRes ref="netstat" />
				</Declare>
				<Shell>
					<ShellArgument_2_Table>
						<ResCmdOutputRef>netstat</ResCmdOutputRef>
						<LineDef startLine="3">
							<Exp indexName="$ifName+$network+$address">$Ipkts</Exp>
							<Var name="ifName" type="string" token="1" />
							<Var name="network" type="string" token="3" />
							<Var name="address" type="string" token="4" />
							<Var name="Ipkts" type="numeric" token="5" />
						</LineDef>
					</ShellArgument_2_Table>
				</Shell>
			</Concerns>
			
			
			<Concerns brief="网络接收错误量" key="inError" comment="">
				<Declare type="OrdinaryNumeric" unit="packets">
					<UseRes ref="netstat" />
				</Declare>
				<Shell>
					<ShellArgument_2_Table>
						<ResCmdOutputRef>netstat</ResCmdOutputRef>
						<LineDef startLine="3">
							<Exp indexName="$ifName+$network+$address">$Ierrs</Exp>
							<Var name="ifName" type="string" token="1" />
							<Var name="network" type="string" token="3" />
							<Var name="address" type="string" token="4" />
							<Var name="Ierrs" type="numeric" token="6" />
						</LineDef>
					</ShellArgument_2_Table>
				</Shell>
			</Concerns>
			
			<Concerns brief="网络发送流量" key="outFlux" comment="">
				<Declare type="OrdinaryNumeric" unit="packets">
					<UseRes ref="netstat" />
				</Declare>
				<Shell>
					<ShellArgument_2_Table>
						<ResCmdOutputRef>netstat</ResCmdOutputRef>
						<LineDef startLine="3">
							<Exp indexName="$ifName+$network+$address">$Opkts</Exp>
							<Var name="ifName" type="string" token="1" />
							<Var name="network" type="string" token="3" />
							<Var name="address" type="string" token="4" />
							<Var name="Opkts" type="numeric" token="7" />
						</LineDef>
					</ShellArgument_2_Table>
				</Shell>
			</Concerns>
			
			<Concerns brief="网络发送错误量" key="outError" comment="">
				<Declare type="OrdinaryNumeric" unit="packets">
					<UseRes ref="netstat" />
				</Declare>
				<Shell>
					<ShellArgument_2_Table>
						<ResCmdOutputRef>netstat</ResCmdOutputRef>
						<LineDef startLine="3">
							<Exp indexName="$ifName+$network+$address">$Oerrs</Exp>
							<Var name="ifName" type="string" token="1" />
							<Var name="network" type="string" token="3" />
							<Var name="address" type="string" token="4" />
							<Var name="Oerrs" type="numeric" token="8" />
						</LineDef>
					</ShellArgument_2_Table>
				</Shell>
			</Concerns>
			
		</Layer>
		
		<Layer brief="错误日志" noNumeric="true">
			<Concerns brief="设备或功能组件丢失错误" key="errptPEND" comment="">
				<Declare type="Text" />
				<Shell>
					<ShellArgument_3_Command>
						<Command>errpt -a -s %time -T 'PEND'</Command>
					</ShellArgument_3_Command>
				</Shell>
			</Concerns>
			
			<Concerns brief="性能严重下降错误" key="errptPERF" comment="">
				<Declare type="Text" />
				<Shell>
					<ShellArgument_3_Command>
						<Command>errpt -a -s %time -T 'PERF'</Command>
					</ShellArgument_3_Command>
				</Shell>
			</Concerns>
			
			<Concerns brief="硬件设备或软件模块损坏错误" key="errptPERM" comment="">
				<Declare type="Text" />
				<Shell>
					<ShellArgument_3_Command>
						<Command>errpt -a -s %time -T 'PERM'</Command>
					</ShellArgument_3_Command>
				</Shell>
			</Concerns>
			
		</Layer>
		
		<Layer brief="定制">
			<Concerns brief="指定进程的cpu利用率" key="ProcessCpu" comment="指定进程的cpu利用率">
				<Declare type="Percentage">
					<UseRes ref="process_list" />
					<UseMark ref="定制" />
				</Declare>
				<Shell handler="com.radixdigit.tcmanager.monitor.core.handler.commonuse.host.Handler_Host_ProcessCpu" />
			</Concerns>
			
			<Concerns brief="文件系统空间使用率" key="customFsUsage" comment="">
				<Declare type="Percentage">
					<UseMark ref="定制" />
				</Declare>
				<Shell handler="com.radixdigit.tcmanager.monitor.ext.shell.ShellHandler_UnixLike_FileSystem">
					<ShellArgument_1_SimpleExpression>
						<Command>df -m ${param}</Command>
						<Exp indexName="">$rate</Exp>
						<Var name="rate" type="numeric" line="3" token="4" />
					</ShellArgument_1_SimpleExpression>
				</Shell>
			</Concerns>
			
			<Concerns brief="文件系统剩余空间" key="customFsFreeSpace" comment="">
				<Declare type="OrdinaryNumeric" unit="MB">
					<UseMark ref="定制" />
				</Declare>
				<Shell handler="com.radixdigit.tcmanager.monitor.ext.shell.ShellHandler_UnixLike_FileSystem">
					<ShellArgument_1_SimpleExpression>
						<Command>df -m ${param}</Command>
						<Exp indexName="">$free</Exp>
						<Var name="free" type="numeric" line="3" token="3" />
					</ShellArgument_1_SimpleExpression>
				</Shell>
			</Concerns>
			
			<Concerns brief="违规进程" key="illegalProcess" comment="">
				<Declare type="Status">
					<UseRes ref="process_list" />
					<UseMark ref="定制" />
					<StatusRestriction>
						<Item key="正常" value="0" />
						<Item name="发现违规" value="1"/>
					</StatusRestriction>
				</Declare>
				<Shell handler="com.radixdigit.tcmanager.monitor.core.handler.commonuse.host.Handler_Host_IllegalProcess" />
			</Concerns>
			
		</Layer>
		
		<Layer brief="其它" noNumeric="true">
			<Concerns brief="操作系统" key="OS" comment="">
				<Declare type="Text" />
				<Shell>
					<ShellArgument_1_SimpleExpression>
						<Command>uname -s -r -v</Command>
						<Exp indexName="os">$sname+' '+$version+'.'+$release</Exp>
						<Var name="sname" type="string" line="2" token="1" />
						<Var name="release" type="string" line="2" token="2" />
						<Var name="version" type="string" line="2" token="3" />
					</ShellArgument_1_SimpleExpression>
				</Shell>
			</Concerns>
			
			<Concerns brief="主机名" key="hostname" comment="">
				<Declare type="Text" />
				<Shell>
					<ShellArgument_3_Command>
						<Command>uname -n</Command>
					</ShellArgument_3_Command>
				</Shell>
			</Concerns>
			
			<Concerns brief="运行时间" key="uptime" comment="">
				<Declare type="Text" />
				<Shell>
					<ShellArgument_3_Command>
						<Command>uptime</Command>
					</ShellArgument_3_Command>
				</Shell>
			</Concerns>
			
			<Concerns brief="未知进程" key="UnKnownProcess" comment="">
				<Declare type="Text">
					<UseRes ref="process_list" />
				</Declare>
				<Shell handler="com.radixdigit.tcmanager.monitor.core.handler.commonuse.host.Handler_Host_UnKnownProcess" />
			</Concerns>
			
			<Concerns brief="在线用户" key="onlineUser" comment="">
				<Declare type="JavaBean" />
				<Shell structureBuilder="com.radixdigit.tcmanager.monitor.ext.shell.StructureBuilder_Shell_ShellCommandOutput"
					actualType="com.radixdigit.tcmanager.monitor.ext.shell.data.CommandLineOutput">
					<ShellArgument_3_Command>
						<Command>who</Command>
					</ShellArgument_3_Command>
				</Shell>
			</Concerns>
			
			<Concerns brief="网络接口" key="if" comment="">
				<Declare type="JavaBean" />
				<Shell structureBuilder="com.radixdigit.tcmanager.monitor.ext.shell.StructureBuilder_Shell_ShellCommandOutput"
					actualType="com.radixdigit.tcmanager.monitor.ext.shell.data.CommandLineOutput">
					<ShellArgument_3_Command>
						<Command>netstat -i</Command>
					</ShellArgument_3_Command>
				</Shell>
			</Concerns>
			
			<Concerns brief="文件系统空间使用" key="fsUsage" comment="">
				<Declare type="JavaBean" />
				<Shell structureBuilder="com.radixdigit.tcmanager.monitor.ext.shell.StructureBuilder_Shell_ShellCommandOutput"
					actualType="com.radixdigit.tcmanager.monitor.ext.shell.data.CommandLineOutput">
					<ShellArgument_3_Command>
						<Command>df -P</Command>
					</ShellArgument_3_Command>
				</Shell>
			</Concerns>
			
			<Concerns brief="消耗cpu top10" key="cpuTop10" comment="">
				<Declare type="JavaBean" />
				<Shell structureBuilder="com.radixdigit.tcmanager.monitor.ext.shell.StructureBuilder_Shell_ShellCommandOutput"
					actualType="com.radixdigit.tcmanager.monitor.ext.shell.data.CommandLineOutput">
					<ShellArgument_3_Command>
						<Command>ps aux |sort -rn +2 | grep -v '%CPU' | head -10</Command>
					</ShellArgument_3_Command>
				</Shell>
			</Concerns>
			
			<Concerns brief="服务" key="Service" comment="">
				<Declare type="JavaBean" />
				<Shell structureBuilder="com.radixdigit.tcmanager.monitor.ext.shell.StructureBuilder_Shell_UnixLike_Service"
					actualType="com.radixdigit.tcmanager.monitor.ext.shell.data.CommandLineOutput" />
			</Concerns>
			
			<Concerns brief="网络连接" key="Netstat" comment="">
				<Declare type="JavaBean" />
				<Shell structureBuilder="com.radixdigit.tcmanager.monitor.ext.shell.StructureBuilder_Shell_UnixLike_Netstat"
					actualType="com.radixdigit.tcmanager.monitor.ext.shell.data.CommandLineOutput" />
			</Concerns>
			
		</Layer>

	</Organization>


</Define>
