<?xml version="1.0" encoding="UTF-8"?>
<config>
  <!--接收端口配置-->
  <TMSPort>8515</TMSPort>
  <!--接收压缩加密-->
  <TMSCrypto>false</TMSCrypto>  
  <!--消息发送地址和端口-->
  <TMSSendAddress></TMSSendAddress>
  <TMSSendPort>8516</TMSSendPort>
  <!--消息发送协议，支持UDP和TCP-->
  <TMSSendProtocol>TCP</TMSSendProtocol>
  <!--消息发送压缩加密-->
  <TMSSendCrypto>false</TMSSendCrypto>
  
  <!--消息写入缓存，以下参数无需在界面配置-->
  <TMSWriteBuffer>10000000</TMSWriteBuffer>
  <!--消息对象缓存，传输的消息对象应该小于此缓存-->
  <TMSObjectBuffer>500000</TMSObjectBuffer>
  <!--消息发送超时，单位毫秒-->
  <TMSTimeOut>5000</TMSTimeOut>
  <!--消息队列最大个数-->  
  <TMSCacheSize>3000</TMSCacheSize>
</config>

