<?xml version="1.0" encoding="UTF-8"?>
<!-- 系统菜单配置 -->
<Navigators>
	<Navigator id="nav_device" name="设备管理" url="/asset/main" icon="nav_imac.png"></Navigator>
	<Navigator id="nav_link" name="链路管理" url="/link/main" icon="nav_link.png"></Navigator>
	<Navigator id="nav_alert" name="告警管理" url="/alert/main" icon="nav_alert.png"></Navigator>
	<Navigator id="nav_user" name="用户管理" url="/user/list" icon="nav_user.png"></Navigator>
	<!-- 
	<Navigator id="nav_sysconfig" name="系统配置" url="/sysconfig/main" icon="nav_config.png"></Navigator>
 	-->	
</Navigators>