<?xml version="1.0" encoding="UTF-8"?>
<Define
	xmlns="http://www.radixdigit.com/tcmanager/monitor/object_definition/v_1"
	xmlns:xs="http://www.w3.org/2001/XMLSchema"
	xmlns:xsi="http://www.radixdigit.com/tcmanager/monitor/object_definition/v_1">

	<Parameters version="Solaris 5.1" sortPriority="1">
		<Param key="ServiceCommand" value="svcs -a" />
		<Param key="NetstatCommand" value="netstat -a" />
		<Param key="common" value="true" />
	</Parameters>

	<Shared>
		<Res brief="vmstat_1_2" key="vmstat_1_2" comment="vmstat 1 2">
			<Shell structureBuilder="com.radixdigit.tcmanager.monitor.ext.shell.StructureBuilder_Shell_ShellCommandOutput"
					actualType="com.radixdigit.tcmanager.monitor.ext.shell.data.CommandLineOutput">
				<ShellArgument_3_Command>
					<Command>vmstat 1 2</Command>
				</ShellArgument_3_Command>
			</Shell>
		</Res>
		
		<Res brief="df_k_awk" key="df_k_awk" comment="df_k_awk">
			<Shell structureBuilder="com.radixdigit.tcmanager.monitor.ext.shell.StructureBuilder_Shell_ShellCommandOutput"
					actualType="com.radixdigit.tcmanager.monitor.ext.shell.data.CommandLineOutput">
				<ShellArgument_3_Command>
					<Command>df -k | awk '{if(NF>1) print $NF,$(NF-4),$(NF-3),$(NF-2),$(NF-1)}' | sed 's/%//'</Command>
				</ShellArgument_3_Command>
			</Shell>
		</Res>
		
		<Res brief="进程列表" key="process_list" comment="进程列表">
			<Shell structureBuilder="com.radixdigit.tcmanager.monitor.ext.shell.StructureBuilder_Shell_UnixLike_ProcessDetailList"
					actualType="com.radixdigit.tcmanager.monitor.core.data.commonuse.ListOfProcess">
				<ShellArgument_3_Command>
					<Command>ps -eo uid,pid,comm,pcpu,pmem</Command>
				</ShellArgument_3_Command>
			</Shell>
		</Res>
		
		<Res brief="网络状态" key="netstat" comment="网络状态">
			<Shell structureBuilder="com.radixdigit.tcmanager.monitor.ext.shell.StructureBuilder_Shell_ShellCommandOutput"
					actualType="com.radixdigit.tcmanager.monitor.ext.shell.data.CommandLineOutput">
				<ShellArgument_3_Command>
					<Command>netstat -in</Command>
				</ShellArgument_3_Command>
			</Shell>
		</Res>
	</Shared>

	<Organization>

		<Layer brief="可用性">
			<Concerns brief="可用性" key="usability" comment="">
				<Declare type="Status">
					<UseMark ref="可用性" />
					<UseMark ref="应用不可用检测指标" />
					<UseMark ref="应用不可用页面显示指标" />
				</Declare>
			</Concerns>
		</Layer>
		
		<Layer brief="性能">
			
			<Concerns brief="连接时间" key="ConnectTime" comment="连接时间">
				<Declare type="OrdinaryNumeric" unit="ms">
				     <UseMark ref="应用性能检测指标" />
					 <UseMark ref="应用性能页面显示指标" />
				</Declare>
				<Shell handler="com.radixdigit.tcmanager.monitor.core.handler.commonuse.Handler_All_ClientOpenTime" />
				<Knowledge>
					<Brief>连接时间过长：客户端连接到Fedora系统的最大响应时间过长</Brief>
					<Reasons>
						<KnowledgeEntry>网络异常,导致连接超时</KnowledgeEntry>
					</Reasons>
					<Solutions>
						<KnowledgeEntry>确认网络可达</KnowledgeEntry>
					</Solutions>
				</Knowledge>
			</Concerns>
			
			<Concerns brief="CPU利用率" key="cpu" comment="">
				<Declare type="Percentage">
					<UseMark ref="最关注指标" />
					<UseMark ref="CPU平均利用率" />
					<UseMark ref="应用性能检测指标" />
					<UseMark ref="应用性能页面显示指标" />
				</Declare>
				<Shell>
					<ShellArgument_1_SimpleExpression>
						<Command>iostat 1 2</Command>
						<Exp indexName="CPU">100-$idle</Exp>
						<Var name="idle" type="numeric" line="5" token="15" />
					</ShellArgument_1_SimpleExpression>
				</Shell>
				<Knowledge>
					<Brief>CPU使用率过高：指系统使用的总 CPU峰值过大，用以描述当前CPU的使用情况。这将影响系统运行效率</Brief>
					<Reasons>
						<KnowledgeEntry>运行的应用程序较多，占用了大量CPU的轮询时间片</KnowledgeEntry>
						<KnowledgeEntry>硬件配置较低，导致CPU工作负荷较大</KnowledgeEntry>
					</Reasons>
					<Solutions>
						<KnowledgeEntry>关闭不必要的运行程序，清理内存空间</KnowledgeEntry>
						<KnowledgeEntry>提高硬件配置</KnowledgeEntry>
					</Solutions>
				</Knowledge>
			</Concerns>
			
			<Concerns brief="内存总大小" key="memTotal" comment="">
				<Declare type="OrdinaryNumeric" unit="MB" />
				<Shell>
					<ShellArgument_1_SimpleExpression>
						<Command>prtconf | grep Mem | awk '{print $3}'</Command>
						<Exp indexName="memTotal">$total</Exp>
						<Var name="total" type="numeric" line="2" token="1" />
					</ShellArgument_1_SimpleExpression>
				</Shell>
			</Concerns>
			
			<Concerns brief="内存利用情况" key="memory" comment="">
				<Declare type="OrdinaryNumeric" unit="MB">
					<UseRes ref="vmstat_1_2" />
				</Declare>
				<Shell>
					<ShellArgument_1_SimpleExpression>
						<ResCmdOutputRef>vmstat_1_2</ResCmdOutputRef>
						<Exp indexName="swap">$swap/1024</Exp>
						<Exp indexName="free">$free/1024</Exp>
						<Var name="swap" type="numeric" line="5" token="4" />
						<Var name="free" type="numeric" line="5" token="5" />
					</ShellArgument_1_SimpleExpression>
				</Shell>
				<Knowledge>
					<Brief>内存使用率过高：指系统利用的总物理内存数过高，用以描述当前系统的内存的使用情况。这将影响系统运行效率</Brief>
					<Reasons>
						<KnowledgeEntry>运行的应用程序较多，占用了大量内存</KnowledgeEntry>
						<KnowledgeEntry>window主机的虚拟内存设置较低，内存交换空间不够使用</KnowledgeEntry>
					</Reasons>
					<Solutions>
						<KnowledgeEntry>增加物理内存，设置较高的虚拟内存</KnowledgeEntry>
					</Solutions>
				</Knowledge>
			</Concerns>
			
			<Concerns brief="页交换情况" key="hostpage" comment="">
				<Declare type="OrdinaryNumeric" unit="KB/s">
					<UseRes ref="vmstat_1_2" />
				</Declare>
				<Shell>
					<ShellArgument_1_SimpleExpression>
						<ResCmdOutputRef>vmstat_1_2</ResCmdOutputRef>
						<Exp indexName="pi">$pi</Exp>
						<Exp indexName="po">$po</Exp>
						<Var name="pi" type="numeric" line="5" token="8" />
						<Var name="po" type="numeric" line="5" token="9" />
					</ShellArgument_1_SimpleExpression>
				</Shell>
			</Concerns>
			
			<Concerns brief="文件系统总空间" key="totalSpace" comment="文件系统总空间">
				<Declare type="OrdinaryNumeric" unit="KB">
					<UseRes ref="df_k_awk" />
				</Declare>
				<Shell>
					<ShellArgument_2_Table>
						<ResCmdOutputRef>df_k_awk</ResCmdOutputRef>
						<LineDef startLine="3">
							<Exp indexName="$name">$total</Exp>
							<Var name="name" type="string" token="1" />
							<Var name="total" type="numeric" token="2" />
						</LineDef>
					</ShellArgument_2_Table>
				</Shell>
			</Concerns>
			
			<Concerns brief="文件系统已用空间" key="usedSpace" comment="文件系统已用空间">
				<Declare type="OrdinaryNumeric" unit="KB">
					<UseRes ref="df_k_awk" />
				</Declare>
				<Shell>
					<ShellArgument_2_Table>
						<ResCmdOutputRef>df_k_awk</ResCmdOutputRef>
						<LineDef startLine="3">
							<Exp indexName="$name">$used</Exp>
							<Var name="name" type="string" token="1" />
							<Var name="used" type="numeric" token="3" />
						</LineDef>
					</ShellArgument_2_Table>
				</Shell>
			</Concerns>
			
			<Concerns brief="文件系统剩余空间" key="freeSpace" comment="文件系统剩余空间">
				<Declare type="OrdinaryNumeric" unit="KB">
					<UseRes ref="df_k_awk" />
				</Declare>
				<Shell>
					<ShellArgument_2_Table>
						<ResCmdOutputRef>df_k_awk</ResCmdOutputRef>
						<LineDef startLine="3">
							<Exp indexName="$name">$free</Exp>
							<Var name="name" type="string" token="1" />
							<Var name="free" type="numeric" token="4" />
						</LineDef>
					</ShellArgument_2_Table>
				</Shell>
			</Concerns>
			
			<Concerns brief="文件系统空间使用率" key="DiskUsage" comment="">
				<Declare type="Percentage">
					<UseRes ref="df_k_awk" />
					<UseMark ref="应用性能检测指标" />
					<UseMark ref="应用性能页面显示指标" />
				</Declare>
				<Shell>
					<ShellArgument_2_Table>
						<ResCmdOutputRef>df_k_awk</ResCmdOutputRef>
						<LineDef startLine="3">
							<Exp indexName="$name">$usage</Exp>
							<Var name="name" type="string" token="1" />
							<Var name="usage" type="numeric" token="5" />
						</LineDef>
					</ShellArgument_2_Table>
				</Shell>
				<Knowledge>
					<Brief>文件系统空间使用率过高：指文件系统已用磁盘空间占文件系统分配的总磁盘空间比例较高</Brief>
					<Reasons>
						<KnowledgeEntry>操作系统在该文件系统下产生存储大量文件</KnowledgeEntry>
						<KnowledgeEntry>应用程序的一些数据或log文件占用了大量空间</KnowledgeEntry>
					</Reasons>
					<Solutions>
						<KnowledgeEntry>整理文件系统，删除无用的数据</KnowledgeEntry>
						<KnowledgeEntry>增加磁盘空间，重新为文件系统挂载更大空间</KnowledgeEntry>
					</Solutions>
				</Knowledge>
			</Concerns>
			
			<Concerns brief="磁盘每秒传输数据量" key="hostDiskIO" comment="磁盘每秒传输数据量">
				<Declare type="OrdinaryNumeric" unit="kbps" />
				<Shell>
					<ShellArgument_2_Table>
						<Command>iostat -xtc</Command>
						<LineDef startLine="4">
							<Exp indexName="$disk">$kr+$kw</Exp>
							<Var name="disk" type="string" token="1" />
							<Var name="kr" type="numeric" token="4" />
							<Var name="kw" type="numeric" token="5" />
						</LineDef>
					</ShellArgument_2_Table>
				</Shell>
				<Knowledge>
					<Brief>磁盘每秒传输数据量较小：磁盘每秒读取/写入的数据量较小，</Brief>
					<Reasons>
						<KnowledgeEntry>磁盘的高速缓存较小</KnowledgeEntry>
						<KnowledgeEntry>磁盘本身的性能不够，例如：主轴转速低、平均寻址长</KnowledgeEntry>
					</Reasons>
					<Solutions>
						<KnowledgeEntry>更换性能更好的磁盘</KnowledgeEntry>
					</Solutions>
				</Knowledge>
			</Concerns>		
		
		</Layer>
		
		<Layer brief="网络流量">
			<Concerns brief="磁盘接收流量" key="inFlux" comment="">
				<Declare type="OrdinaryNumeric" unit="KB">
					<UseRes ref="netstat" />
				</Declare>
				<Shell>
					<ShellArgument_2_Table>
						<ResCmdOutputRef>netstat</ResCmdOutputRef>
						<LineDef startLine="3">
							<Exp indexName="$ifname+$network+$address">$ipkts/1024</Exp>
							<Var name="ifname" type="string" token="1" />
							<Var name="network" type="string" token="3" />
							<Var name="address" type="string" token="4" />
							<Var name="ipkts" type="numeric" token="5" />
						</LineDef>
					</ShellArgument_2_Table>
				</Shell>
			</Concerns>
			
			
			<Concerns brief="磁盘接收错误量" key="inError" comment="">
				<Declare type="OrdinaryNumeric" unit="KB">
					<UseRes ref="netstat" />
				</Declare>
				<Shell>
					<ShellArgument_2_Table>
						<ResCmdOutputRef>netstat</ResCmdOutputRef>
						<LineDef startLine="3">
							<Exp indexName="$ifname+$network+$address">$ierrs/1024</Exp>
							<Var name="ifname" type="string" token="1" />
							<Var name="network" type="string" token="3" />
							<Var name="address" type="string" token="4" />
							<Var name="ierrs" type="numeric" token="6" />
						</LineDef>
					</ShellArgument_2_Table>
				</Shell>
			</Concerns>
			
			<Concerns brief="网络发送流量" key="outFlux" comment="">
				<Declare type="OrdinaryNumeric" unit="KB">
					<UseRes ref="netstat" />
				</Declare>
				<Shell>
					<ShellArgument_2_Table>
						<ResCmdOutputRef>netstat</ResCmdOutputRef>
						<LineDef startLine="3">
							<Exp indexName="$ifname+$network+$address">$opkts/1024</Exp>
							<Var name="ifname" type="string" token="1" />
							<Var name="network" type="string" token="3" />
							<Var name="address" type="string" token="4" />
							<Var name="opkts" type="numeric" token="7" />
						</LineDef>
					</ShellArgument_2_Table>
				</Shell>
			</Concerns>
			
			<Concerns brief="网络发送错误量" key="outError" comment="">
				<Declare type="OrdinaryNumeric" unit="KB">
					<UseRes ref="netstat" />
				</Declare>
				<Shell>
					<ShellArgument_2_Table>
						<ResCmdOutputRef>netstat</ResCmdOutputRef>
						<LineDef startLine="3">
							<Exp indexName="$ifname+$network+$address">$oerrs/1024</Exp>
							<Var name="ifname" type="string" token="1" />
							<Var name="network" type="string" token="3" />
							<Var name="address" type="string" token="4" />
							<Var name="oerrs" type="numeric" token="8" />
						</LineDef>
					</ShellArgument_2_Table>
				</Shell>
			</Concerns>
			
		</Layer>
		
		<Layer brief="定制">
			<Concerns brief="指定进程的cpu利用率" key="ProcessCpu" comment="指定进程的cpu利用率">
				<Declare type="Percentage">
					<UseRes ref="process_list" />
					<UseMark ref="定制" />
				</Declare>
				<Shell handler="com.radixdigit.tcmanager.monitor.ext.shell.ShellHandler_Solaris_Process">
					<ShellArgument_1_SimpleExpression>
						<Command>ps -eo uid,pid,comm,pcpu | grep ${param}</Command>
						<Exp indexName="">$cpu</Exp>
						<Var name="cpu" type="numeric" line="2" token="4" />
					</ShellArgument_1_SimpleExpression>
				</Shell>
			</Concerns>
			
			<Concerns brief="指定进程的内存利用率" key="ProcessMem" comment="指定进程的内存利用率">
				<Declare type="Percentage">
					<UseRes ref="process_list" />
					<UseMark ref="定制" />
				</Declare>
				<Shell handler="com.radixdigit.tcmanager.monitor.ext.shell.ShellHandler_Solaris_Process">
					<ShellArgument_1_SimpleExpression>
						<Command>ps -eo uid,pid,comm,pmem | grep ${param}</Command>
						<Exp indexName="">$mem</Exp>
						<Var name="mem" type="numeric" line="2" token="4" />
					</ShellArgument_1_SimpleExpression>
				</Shell>
			</Concerns>
			
			<Concerns brief="文件系统空间使用率" key="customFsUsage" comment="">
				<Declare type="Percentage">
					<UseMark ref="定制" />
				</Declare>
				<Shell handler="com.radixdigit.tcmanager.monitor.ext.shell.ShellHandler_UnixLike_FileSystem">
					<ShellArgument_1_SimpleExpression>
						<Command>df -k ${param}</Command>
						<Exp indexName="">100*$use/($free+$use)</Exp>
						<Var name="free" type="numeric" line="3" token="4" />
						<Var name="use" type="numeric" line="3" token="3" />
					</ShellArgument_1_SimpleExpression>
				</Shell>
			</Concerns>
			
			<Concerns brief="文件系统剩余空间" key="customFsFreeSpace" comment="">
				<Declare type="OrdinaryNumeric" unit="MB">
					<UseMark ref="定制" />
				</Declare>
				<Shell handler="com.radixdigit.tcmanager.monitor.ext.shell.ShellHandler_UnixLike_FileSystem">
					<ShellArgument_1_SimpleExpression>
						<Command>df -k ${param}</Command>
						<Exp indexName="">$free</Exp>
						<Var name="free" type="numeric" line="3" token="4" />
					</ShellArgument_1_SimpleExpression>
				</Shell>
			</Concerns>
			
			<Concerns brief="违规进程" key="illegalProcess" comment="">
				<Declare type="Status">
					<UseRes ref="process_list" />
					<UseMark ref="定制" />
					<StatusRestriction>
						<Item key="正常" value="0" />
						<Item name="发现违规" value="1"/>
					</StatusRestriction>
				</Declare>
				<Shell handler="com.radixdigit.tcmanager.monitor.core.handler.commonuse.host.Handler_Host_IllegalProcess" />
			</Concerns>
			
		</Layer>
		
		<Layer brief="其它" noNumeric="true">
			<Concerns brief="操作系统" key="OS" comment="">
				<Declare type="Text" />
				<Shell>
					<ShellArgument_3_Command>
						<Command>uname -s -r -v</Command>
					</ShellArgument_3_Command>
				</Shell>
			</Concerns>
			
			<Concerns brief="主机名称" key="hostname" comment="">
				<Declare type="Text" />
				<Shell>
					<ShellArgument_3_Command>
						<Command>uname -n</Command>
					</ShellArgument_3_Command>
				</Shell>
			</Concerns>
			
			<Concerns brief="运行时间" key="uptime" comment="">
				<Declare type="Text" />
				<Shell>
					<ShellArgument_3_Command>
						<Command>uptime</Command>
					</ShellArgument_3_Command>
				</Shell>
			</Concerns>
			
			<Concerns brief="未知进程" key="UnKnownProcess" comment="">
				<Declare type="Text">
					<UseRes ref="process_list" />
				</Declare>
				<Shell handler="com.radixdigit.tcmanager.monitor.core.handler.commonuse.host.Handler_Host_UnKnownProcess" />
			</Concerns>
			
			<Concerns brief="在线用户" key="onlineUser" comment="">
				<Declare type="JavaBean" />
				<Shell structureBuilder="com.radixdigit.tcmanager.monitor.ext.shell.StructureBuilder_Shell_ShellCommandOutput"
					actualType="com.radixdigit.tcmanager.monitor.ext.shell.data.CommandLineOutput">
					<ShellArgument_3_Command>
						<Command>who</Command>
					</ShellArgument_3_Command>
				</Shell>
			</Concerns>
			
			<Concerns brief="网络接口" key="if" comment="">
				<Declare type="JavaBean" />
				<Shell structureBuilder="com.radixdigit.tcmanager.monitor.ext.shell.StructureBuilder_Shell_ShellCommandOutput"
					actualType="com.radixdigit.tcmanager.monitor.ext.shell.data.CommandLineOutput">
					<ShellArgument_3_Command>
						<Command>netstat -i</Command>
					</ShellArgument_3_Command>
				</Shell>
			</Concerns>
			
			<Concerns brief="文件系统空间使用" key="fsUsage" comment="">
				<Declare type="JavaBean" />
				<Shell structureBuilder="com.radixdigit.tcmanager.monitor.ext.shell.StructureBuilder_Shell_ShellCommandOutput"
					actualType="com.radixdigit.tcmanager.monitor.ext.shell.data.CommandLineOutput">
					<ShellArgument_3_Command>
						<Command>df</Command>
					</ShellArgument_3_Command>
				</Shell>
			</Concerns>
			
			<Concerns brief="消耗cpu top10" key="cpuTop10" comment="">
				<Declare type="JavaBean" />
				<Shell structureBuilder="com.radixdigit.tcmanager.monitor.ext.shell.StructureBuilder_Shell_ShellCommandOutput"
					actualType="com.radixdigit.tcmanager.monitor.ext.shell.data.CommandLineOutput">
					<ShellArgument_3_Command>
						<Command>ps -eo comm,pcpu | sort -rn +1 | grep -v '%CPU' | head -10</Command>
					</ShellArgument_3_Command>
				</Shell>
			</Concerns>
			
			<Concerns brief="服务" key="Service" comment="">
				<Declare type="JavaBean" />
				<Shell structureBuilder="com.radixdigit.tcmanager.monitor.ext.shell.StructureBuilder_Shell_UnixLike_Service"
					actualType="com.radixdigit.tcmanager.monitor.ext.shell.data.CommandLineOutput" />
			</Concerns>
			
			<Concerns brief="网络连接" key="Netstat" comment="">
				<Declare type="JavaBean" />
				<Shell structureBuilder="com.radixdigit.tcmanager.monitor.ext.shell.StructureBuilder_Shell_UnixLike_Netstat"
					actualType="com.radixdigit.tcmanager.monitor.ext.shell.data.CommandLineOutput" />
			</Concerns>
		
		</Layer>

	</Organization>


</Define>
