<?xml version="1.0" encoding="UTF-8"?>
<Define
	xmlns="http://www.radixdigit.com/tcmanager/monitor/object_definition/v_1"
	xmlns:xs="http://www.w3.org/2001/XMLSchema"
	xmlns:xsi="http://www.radixdigit.com/tcmanager/monitor/object_definition/v_1">

	<Parameters version="radixdigit" sortPriority="1">
		<Param key="common" value="true" />
	</Parameters>
	
	<Organization>
		<Layer brief="可用性">
			<Concerns brief="可用性" key="usability" comment="">
				<Declare type="Status">
					<UseMark ref="可用性" />
				</Declare>
			</Concerns>
			<Radixdigit></Radixdigit>
		</Layer>
		
		<Layer brief="性能">
			<Concerns brief="CPU利用率" key="cpuAverUsage" comment="CPU利用率">
				<Declare type="Percentage">
					<UseMark ref="最关注指标" />
				</Declare>
				<Radixdigit>
					<RadixArgument_Common></RadixArgument_Common>
				</Radixdigit>
			</Concerns>
			
			<Concerns brief="内存利用率" key="memUsage" comment="内存利用率">
				<Declare type="Percentage">
					<UseMark ref="最关注指标" />
				</Declare>
				<Radixdigit>
					<RadixArgument_Common></RadixArgument_Common>
				</Radixdigit>
			</Concerns>
			<Concerns brief="磁盘利用率" key="DiskUsage" comment="磁盘利用率">
				<Declare type="Percentage">
					<UseMark ref="最关注指标" />
				</Declare>
				<Radixdigit>
					<RadixArgument_Common></RadixArgument_Common>
				</Radixdigit>
			</Concerns>
			<Concerns brief="会话数" key="radixSession" comment="会话数">
				<Declare type="OrdinaryNumeric">
					<UseMark ref="最关注指标" />
				</Declare>
				<Radixdigit>
					<RadixArgument_Common></RadixArgument_Common>
				</Radixdigit>
			</Concerns>
		</Layer>
		
		<Layer brief="接口">
			<Concerns brief="总流速" key="radixFlowTotal" comment="总流速">
				<Declare type="OrdinaryNumeric" unit="Kbps">
					<UseMark ref="Snmp接口" />
				</Declare>
				<Radixdigit>
					<RadixArgument_IfInfo></RadixArgument_IfInfo>
				</Radixdigit>
			</Concerns>
			<Concerns brief="上行流速" key="radixFlowUp" comment="总流速">
				<Declare type="OrdinaryNumeric" unit="Kbps">
					<UseMark ref="Snmp接口" />
				</Declare>
				<Radixdigit>
					<RadixArgument_IfInfo></RadixArgument_IfInfo>
				</Radixdigit>
			</Concerns>
			<Concerns brief="下行流速" key="radixFlowDown" comment="总流速">
				<Declare type="OrdinaryNumeric" unit="Kbps">
					<UseMark ref="Snmp接口" />
				</Declare>
				<Radixdigit>
					<RadixArgument_IfInfo></RadixArgument_IfInfo>
				</Radixdigit>
			</Concerns>
		</Layer>
	</Organization>
</Define>
