<?xml version="1.0" encoding="UTF-8"?>
<chart>
	<series>
		<value xid="0">1949</value>
		<value xid="1">1950</value>
		<value xid="2">1951</value>
		<value xid="3">1952</value>
		<value xid="4">1953</value>
		<value xid="5">1954</value>
		<value xid="6">1955</value>
		<value xid="7">1956</value>
		<value xid="8">1957</value>
		<value xid="9">1958</value>
		<value xid="10">1959</value>
		<value xid="11">1960</value>
		<value xid="12">1961</value>
		<value xid="13">1962</value>
		<value xid="14">1963</value>
		<value xid="15">1964</value>
		<value xid="16">1965</value>
		<value xid="17">1966</value>
		<value xid="18">1967</value>
		<value xid="19">1968</value>
		<value xid="20">1969</value>
		<value xid="21">1970</value>
		<value xid="22">1971</value>
		<value xid="23">1972</value>
		<value xid="24">1973</value>
		<value xid="25">1974</value>
		<value xid="26">1975</value>
		<value xid="27">1976</value>
		<value xid="28">1977</value>
		<value xid="29">1978</value>
		<value xid="30">1979</value>
		<value xid="31">1980</value>
		<value xid="32">1981</value>
		<value xid="33">1982</value>
		<value xid="34">1983</value>
		<value xid="35">1984</value>
		<value xid="36">1985</value>
		<value xid="37">1986</value>
		<value xid="38">1987</value>
		<value xid="39">1988</value>
		<value xid="40">1989</value>
		<value xid="41">1990</value>
		<value xid="42">1991</value>
		<value xid="43">1992</value>
		<value xid="44">1993</value>
		<value xid="45">1994</value>
		<value xid="46">1995</value>
		<value xid="47">1996</value>
		<value xid="48">1997</value>
		<value xid="49">1998</value>
		<value xid="50">1999</value>
		<value xid="51">2000</value>
		<value xid="52">2001</value>
		<value xid="53">2002</value>
		<value xid="54">2003</value>
		<value xid="55">2004</value>
		<value xid="56">2005</value>
		<value xid="57">2006</value>
	</series>
	<graphs>
		<graph gid="1">
			<value xid="0">2.54</value>
			<value xid="1">2.51</value>
			<value xid="2">2.53</value>
			<value xid="3">2.53</value>
			<value xid="4">2.68</value>
			<value xid="5">2.78</value>
			<value xid="6">2.77</value>
			<value xid="7">2.79</value>
			<value xid="8">3.09</value>
			<value xid="9">3.01</value>
			<value xid="10">2.90</value>
			<value xid="11">2.88</value>
			<value xid="12">2.89</value>
			<value xid="13">2.90</value>
			<value xid="14">2.89</value>
			<value xid="15">2.88</value>
			<value xid="16">2.86</value>
			<value xid="17">2.88</value>
			<value xid="18">2.92</value>
			<value xid="19">2.94</value>
			<value xid="20">3.09</value>
			<value xid="21">3.18</value>
			<value xid="22">3.39</value>
			<value xid="23">3.39</value>
			<value xid="24">3.89</value>
			<value xid="25">6.87</value>
			<value xid="26">7.67</value>
			<value xid="27">8.19</value>
			<value xid="28">8.57</value>
			<value xid="29">9.00</value>
			<value xid="30">12.64</value>
			<value xid="31">21.59</value>
			<value xid="32">31.77</value>
			<value xid="33">28.52</value>
			<value xid="34">26.19</value>
			<value xid="35">25.88</value>
			<value xid="36">24.09</value>
			<value xid="37">12.51</value>
			<value xid="38">15.40</value>
			<value xid="39">12.58</value>
			<value xid="40">15.86</value>
			<value xid="41">20.03</value>
			<value xid="42">16.54</value>
			<value xid="43">15.99</value>
			<value xid="44">14.25</value>
			<value xid="45">13.19</value>
			<value xid="46">14.62</value>
			<value xid="47">18.46</value>
			<value xid="48">17.23</value>
			<value xid="49">10.87</value>
			<value xid="50">15.56</value>
			<value xid="51">26.72</value>
			<value xid="52">21.84</value>
			<value xid="53">22.51</value>
			<value xid="54">27.54</value>
			<value xid="55">38.93</value>
			<value xid="56">46.47</value>
			<value xid="57">58.30</value>
		</graph>
		<graph gid="2">
			<value xid="0">20.21</value>
			<value xid="1">19.73</value>
			<value xid="2">18.43</value>
			<value xid="3">18.08</value>
			<value xid="4">19.01</value>
			<value xid="5">19.57</value>
			<value xid="6">19.58</value>
			<value xid="7">19.43</value>
			<value xid="8">20.83</value>
			<value xid="9">19.73</value>
			<value xid="10">18.87</value>
			<value xid="11">18.43</value>
			<value xid="12">18.31</value>
			<value xid="13">18.19</value>
			<value xid="14">17.89</value>
			<value xid="15">17.60</value>
			<value xid="16">17.20</value>
			<value xid="17">16.84</value>
			<value xid="18">16.56</value>
			<value xid="19">16.00</value>
			<value xid="20">15.95</value>
			<value xid="21">15.52</value>
			<value xid="22">15.85</value>
			<value xid="23">15.36</value>
			<value xid="24">16.59</value>
			<value xid="25">26.39</value>
			<value xid="26">27.00</value>
			<value xid="27">27.26</value>
			<value xid="28">26.78</value>
			<value xid="29">26.14</value>
			<value xid="30">32.98</value>
			<value xid="31">49.63</value>
			<value xid="32">66.20</value>
			<value xid="33">55.98</value>
			<value xid="34">49.80</value>
			<value xid="35">47.18</value>
			<value xid="36">42.40</value>
			<value xid="37">21.62</value>
			<value xid="38">25.68</value>
			<value xid="39">20.14</value>
			<value xid="40">24.22</value>
			<value xid="41">29.03</value>
			<value xid="42">23.00</value>
			<value xid="43">21.59</value>
			<value xid="44">18.68</value>
			<value xid="45">16.86</value>
			<value xid="46">18.17</value>
			<value xid="47">22.40</value>
			<value xid="48">20.39</value>
			<value xid="49">12.66</value>
			<value xid="50">17.78</value>
			<value xid="51">29.54</value>
			<value xid="52">23.39</value>
			<value xid="53">23.78</value>
			<value xid="54">28.42</value>
			<value xid="55">54.93</value>
			<value xid="56">47.97</value>
			<value xid="57">58.30</value>
		</graph>
	</graphs>
	<guides>	                                   
	 <guide>                                     
	   <start_value>26.16</start_value>               
	   <title>Average world ($26,16)</title>                           
	   <color>#00CC00</color>                             
	   <inside>true</inside>                         
	 </guide>  
	</guides>	
</chart>
