<!-- 所有SetupListener的实现类都应该在此文件中配置，而不能使用注解方式配置到Ioc中 所有SetupListener的加载顺序与声明的顺序一致，即先声明先加载 -->
<ioc xmlns:xsi="http://www.w3.org/2001/XMLSchema-instance"
	xsi:noNamespaceSchemaLocation="nutz-ioc-0.1.xsd">

	<!-- Ioc静态变量、静态方法设置代理服务 -->
	<obj name="$setup_IocProxyFactory" type="com.radixdigit.tcmanager.commons.ioc.IocProxyFactory">
		<field name="initNamePrefix">
			<str>$startup_</str>
		</field>
	</obj>
	
	<!-- 系统配置调度服务 -->
	<obj name="$setup_SysconfigDispatcherService" type="com.radixdigit.tcmanager.sysconfig.SysconfigListener">
	</obj>

	<!--资产节点管理服务 -->
	<obj name="$setup_NodeManageService" type="com.radixdigit.tcmanager.asset.service.NodeManageService">
	</obj>

	<!-- 系统调度服务，提供基本的调度服务 -->
	<obj name="$setup_SchedulerService" type="com.radixdigit.tcmanager.schedule.Scheduler" />
	
	<!-- TMS -->
	<obj name="$setup_TMSSetupListener" type="com.radixdigit.tcmanager.tms.MessageSetupListener" >
	</obj>
	
	<!-- 监控调度服务 -->
	<obj name="$setup_MonitorDispatcherService" type="com.radixdigit.tcmanager.monitor.core.MonitorDispatcherService">
	</obj>
	
	<!-- 流控设备数据轮询 -->
	<obj name="$setup_RadixPollingService" type="com.radixdigit.tcmanager.asset.polling.RadixPollingService">
	</obj>
	
	<!-- 流控设备链路数据轮询 -->
	<obj name="$setup_RadixPingService" type="com.radixdigit.tcmanager.asset.polling.RadixPingService"></obj>
</ioc>